zip,n_utilities,n_substations,utilities_norm,substations_norm,tmps_score,rank
79336,4,36,0.49999999991666666,0.8999999999775001,0.7399999999531668,1
77705,1,40,0.0,0.9999999999750001,0.5999999999850001,2
78155,5,19,0.6666666665555555,0.47499999998812503,0.5516666666150972,3
77807,7,10,0.9999999998333333,0.24999999999375003,0.5499999999295834,4
77845,6,13,0.8333333331944445,0.324999999991875,0.5283333332729028,5
79323,3,26,0.33333333327777775,0.64999999998375,0.5233333333013611,6
79360,3,25,0.33333333327777775,0.624999999984375,0.5083333333017361,7
79549,2,29,0.16666666663888888,0.724999999981875,0.5016666666446806,8
79735,2,28,0.16666666663888888,0.6999999999825001,0.4866666666450556,9
77833,6,9,0.8333333331944445,0.22499999999437503,0.46833333327440285,10
77630,1,31,0.0,0.7749999999806251,0.46499999998837505,11
79072,3,22,0.33333333327777775,0.54999999998625,0.4633333333028611,12
75455,4,17,0.49999999991666666,0.42499999998937504,0.45499999996029167,13
77523,1,29,0.0,0.724999999981875,0.43499999998912503,14
79045,2,24,0.16666666663888888,0.5999999999850001,0.42666666664655556,15
79720,3,19,0.33333333327777775,0.47499999998812503,0.41833333330398614,16
77640,1,27,0.0,0.6749999999831251,0.40499999998987507,17
77859,5,9,0.6666666665555555,0.22499999999437503,0.4016666666188472,18
79346,4,13,0.49999999991666666,0.324999999991875,0.3949999999617917,19
79065,4,13,0.49999999991666666,0.324999999991875,0.3949999999617917,20
79355,3,17,0.33333333327777775,0.42499999998937504,0.3883333333047361,21
79339,3,16,0.33333333327777775,0.39999999999,0.3733333333051111,22
79714,2,20,0.16666666663888888,0.49999999998750005,0.3666666666480556,23
75672,4,11,0.49999999991666666,0.274999999993125,0.3649999999625417,24
79040,4,11,0.49999999991666666,0.274999999993125,0.3649999999625417,25
79407,4,11,0.49999999991666666,0.274999999993125,0.3649999999625417,26
79373,4,11,0.49999999991666666,0.274999999993125,0.3649999999625417,27
76234,4,10,0.49999999991666666,0.24999999999375003,0.3499999999629167,28
79201,4,10,0.49999999991666666,0.24999999999375003,0.3499999999629167,29
77964,6,1,0.8333333331944445,0.024999999999375,0.3483333332774028,30
79027,3,14,0.33333333327777775,0.34999999999125003,0.34333333330586113,31
76240,3,14,0.33333333327777775,0.34999999999125003,0.34333333330586113,32
76932,3,14,0.33333333327777775,0.34999999999125003,0.34333333330586113,33
78666,3,14,0.33333333327777775,0.34999999999125003,0.34333333330586113,34
79601,2,18,0.16666666663888888,0.44999999998875007,0.33666666664880557,35
79070,3,13,0.33333333327777775,0.324999999991875,0.3283333333062361,36
77957,5,4,0.6666666665555555,0.0999999999975,0.3266666666207222,37
75633,4,8,0.49999999991666666,0.199999999995,0.3199999999636667,38
77442,4,8,0.49999999991666666,0.199999999995,0.3199999999636667,39
79424,4,8,0.49999999991666666,0.199999999995,0.3199999999636667,40
79403,3,12,0.33333333327777775,0.29999999999250004,0.3133333333066111,41
78132,3,12,0.33333333327777775,0.29999999999250004,0.3133333333066111,42
79404,3,12,0.33333333327777775,0.29999999999250004,0.3133333333066111,43
78880,5,3,0.6666666665555555,0.07499999999812501,0.3116666666210972,44
79556,2,16,0.16666666663888888,0.39999999999,0.30666666664955555,45
77802,4,7,0.49999999991666666,0.17499999999562502,0.3049999999640417,46
75846,4,7,0.49999999991666666,0.17499999999562502,0.3049999999640417,47
79423,4,7,0.49999999991666666,0.17499999999562502,0.3049999999640417,48
76031,3,11,0.33333333327777775,0.274999999993125,0.2983333333069861,49
79235,3,11,0.33333333327777775,0.274999999993125,0.2983333333069861,50
79041,4,6,0.49999999991666666,0.14999999999625002,0.28999999996441667,51
78130,4,6,0.49999999991666666,0.14999999999625002,0.28999999996441667,52
77868,4,6,0.49999999991666666,0.14999999999625002,0.28999999996441667,53
75657,4,6,0.49999999991666666,0.14999999999625002,0.28999999996441667,54
79022,4,6,0.49999999991666666,0.14999999999625002,0.28999999996441667,55
79325,3,10,0.33333333327777775,0.24999999999375003,0.2833333333073611,56
75668,3,10,0.33333333327777775,0.24999999999375003,0.2833333333073611,57
79257,3,10,0.33333333327777775,0.24999999999375003,0.2833333333073611,58
79007,2,14,0.16666666663888888,0.34999999999125003,0.2766666666503056,59
79331,2,14,0.16666666663888888,0.34999999999125003,0.2766666666503056,60
77808,4,5,0.49999999991666666,0.12499999999687501,0.2749999999647917,61
79343,4,5,0.49999999991666666,0.12499999999687501,0.2749999999647917,62
78006,4,5,0.49999999991666666,0.12499999999687501,0.2749999999647917,63
77840,4,5,0.49999999991666666,0.12499999999687501,0.2749999999647917,64
77701,1,18,0.0,0.44999999998875007,0.26999999999325003,65
75686,3,9,0.33333333327777775,0.22499999999437503,0.2683333333077361,66
79311,3,9,0.33333333327777775,0.22499999999437503,0.2683333333077361,67
76936,3,9,0.33333333327777775,0.22499999999437503,0.2683333333077361,68
78028,3,9,0.33333333327777775,0.22499999999437503,0.2683333333077361,69
76528,3,9,0.33333333327777775,0.22499999999437503,0.2683333333077361,70
79035,3,9,0.33333333327777775,0.22499999999437503,0.2683333333077361,71
78801,3,9,0.33333333327777775,0.22499999999437503,0.2683333333077361,72
77836,5,0,0.6666666665555555,0.0,0.2666666666222222,73
75555,5,0,0.6666666665555555,0.0,0.2666666666222222,74
76943,2,13,0.16666666663888888,0.324999999991875,0.26166666665068056,75
78521,2,13,0.16666666663888888,0.324999999991875,0.26166666665068056,76
79241,2,13,0.16666666663888888,0.324999999991875,0.26166666665068056,77
79081,4,4,0.49999999991666666,0.0999999999975,0.25999999996516665,78
79356,4,4,0.49999999991666666,0.0999999999975,0.25999999996516665,79
77837,4,4,0.49999999991666666,0.0999999999975,0.25999999996516665,80
75948,4,4,0.49999999991666666,0.0999999999975,0.25999999996516665,81
76567,4,4,0.49999999991666666,0.0999999999975,0.25999999996516665,82
76577,4,4,0.49999999991666666,0.0999999999975,0.25999999996516665,83
75457,4,4,0.49999999991666666,0.0999999999975,0.25999999996516665,84
75480,4,4,0.49999999991666666,0.0999999999975,0.25999999996516665,85
79059,4,4,0.49999999991666666,0.0999999999975,0.25999999996516665,86
75559,4,4,0.49999999991666666,0.0999999999975,0.25999999996516665,87
75503,3,8,0.33333333327777775,0.199999999995,0.25333333330811114,88
79347,3,8,0.33333333327777775,0.199999999995,0.25333333330811114,89
79359,2,12,0.16666666663888888,0.29999999999250004,0.24666666665105558,90
75652,2,12,0.16666666663888888,0.29999999999250004,0.24666666665105558,91
79108,2,12,0.16666666663888888,0.29999999999250004,0.24666666665105558,92
79316,2,12,0.16666666663888888,0.29999999999250004,0.24666666665105558,93
79096,4,3,0.49999999991666666,0.07499999999812501,0.24499999996554167,94
77879,4,3,0.49999999991666666,0.07499999999812501,0.24499999996554167,95
78114,4,3,0.49999999991666666,0.07499999999812501,0.24499999996554167,96
79068,1,16,0.0,0.39999999999,0.239999999994,97
77905,1,16,0.0,0.39999999999,0.239999999994,98
79739,1,16,0.0,0.39999999999,0.239999999994,99
75650,3,7,0.33333333327777775,0.17499999999562502,0.2383333333084861,100
78653,3,7,0.33333333327777775,0.17499999999562502,0.2383333333084861,101
77856,3,7,0.33333333327777775,0.17499999999562502,0.2383333333084861,102
75661,3,7,0.33333333327777775,0.17499999999562502,0.2383333333084861,103
78654,3,7,0.33333333327777775,0.17499999999562502,0.2383333333084861,104
75670,3,7,0.33333333327777775,0.17499999999562502,0.2383333333084861,105
76230,2,11,0.16666666663888888,0.274999999993125,0.23166666665143054,106
79847,2,11,0.16666666663888888,0.274999999993125,0.23166666665143054,107
79088,2,11,0.16666666663888888,0.274999999993125,0.23166666665143054,108
77414,2,11,0.16666666663888888,0.274999999993125,0.23166666665143054,109
75833,4,2,0.49999999991666666,0.04999999999875,0.2299999999659167,110
77871,4,2,0.49999999991666666,0.04999999999875,0.2299999999659167,111
79226,4,2,0.49999999991666666,0.04999999999875,0.2299999999659167,112
79744,1,15,0.0,0.37499999999062505,0.22499999999437503,113
77979,1,15,0.0,0.37499999999062505,0.22499999999437503,114
76426,1,15,0.0,0.37499999999062505,0.22499999999437503,115
76950,3,6,0.33333333327777775,0.14999999999625002,0.22333333330886113,116
75572,3,6,0.33333333327777775,0.14999999999625002,0.22333333330886113,117
79084,3,6,0.33333333327777775,0.14999999999625002,0.22333333330886113,118
79092,3,6,0.33333333327777775,0.14999999999625002,0.22333333330886113,119
75501,3,6,0.33333333327777775,0.14999999999625002,0.22333333330886113,120
75951,3,6,0.33333333327777775,0.14999999999625002,0.22333333330886113,121
77320,3,6,0.33333333327777775,0.14999999999625002,0.22333333330886113,122
79517,2,10,0.16666666663888888,0.24999999999375003,0.21666666665180556,123
77351,2,10,0.16666666663888888,0.24999999999375003,0.21666666665180556,124
76904,2,10,0.16666666663888888,0.24999999999375003,0.21666666665180556,125
75901,2,10,0.16666666663888888,0.24999999999375003,0.21666666665180556,126
75451,4,1,0.49999999991666666,0.024999999999375,0.21499999996629168,127
76539,4,1,0.49999999991666666,0.024999999999375,0.21499999996629168,128
78072,4,1,0.49999999991666666,0.024999999999375,0.21499999996629168,129
76249,4,1,0.49999999991666666,0.024999999999375,0.21499999996629168,130
75862,4,1,0.49999999991666666,0.024999999999375,0.21499999996629168,131
79001,4,1,0.49999999991666666,0.024999999999375,0.21499999996629168,132
78947,4,1,0.49999999991666666,0.024999999999375,0.21499999996629168,133
77632,1,14,0.0,0.34999999999125003,0.20999999999475003,134
75487,3,5,0.33333333327777775,0.12499999999687501,0.20833333330923612,135
79545,3,5,0.33333333327777775,0.12499999999687501,0.20833333330923612,136
75631,3,5,0.33333333327777775,0.12499999999687501,0.20833333330923612,137
79015,3,5,0.33333333327777775,0.12499999999687501,0.20833333330923612,138
79034,3,5,0.33333333327777775,0.12499999999687501,0.20833333330923612,139
78112,3,5,0.33333333327777775,0.12499999999687501,0.20833333330923612,140
75630,3,5,0.33333333327777775,0.12499999999687501,0.20833333330923612,141
75432,3,5,0.33333333327777775,0.12499999999687501,0.20833333330923612,142
78832,3,5,0.33333333327777775,0.12499999999687501,0.20833333330923612,143
79415,3,5,0.33333333327777775,0.12499999999687501,0.20833333330923612,144
79416,3,5,0.33333333327777775,0.12499999999687501,0.20833333330923612,145
78611,3,5,0.33333333327777775,0.12499999999687501,0.20833333330923612,146
78016,3,5,0.33333333327777775,0.12499999999687501,0.20833333330923612,147
75410,3,5,0.33333333327777775,0.12499999999687501,0.20833333330923612,148
79011,3,5,0.33333333327777775,0.12499999999687501,0.20833333330923612,149
75098,2,9,0.16666666663888888,0.22499999999437503,0.20166666665218058,150
79042,2,9,0.16666666663888888,0.22499999999437503,0.20166666665218058,151
75766,2,9,0.16666666663888888,0.22499999999437503,0.20166666665218058,152
78840,2,9,0.16666666663888888,0.22499999999437503,0.20166666665218058,153
75980,4,0,0.49999999991666666,0.0,0.19999999996666668,154
77835,4,0,0.49999999991666666,0.0,0.19999999996666668,155
79237,4,0,0.49999999991666666,0.0,0.19999999996666668,156
78946,4,0,0.49999999991666666,0.0,0.19999999996666668,157
79061,4,0,0.49999999991666666,0.0,0.19999999996666668,158
76556,4,0,0.49999999991666666,0.0,0.19999999996666668,159
77521,1,13,0.0,0.324999999991875,0.194999999995125,160
77520,1,13,0.0,0.324999999991875,0.194999999995125,161
77713,1,13,0.0,0.324999999991875,0.194999999995125,162
75042,1,13,0.0,0.324999999991875,0.194999999995125,163
77327,3,4,0.33333333327777775,0.0999999999975,0.1933333333096111,164
77418,3,4,0.33333333327777775,0.0999999999975,0.1933333333096111,165
75140,3,4,0.33333333327777775,0.0999999999975,0.1933333333096111,166
75551,3,4,0.33333333327777775,0.0999999999975,0.1933333333096111,167
79064,3,4,0.33333333327777775,0.0999999999975,0.1933333333096111,168
78681,3,4,0.33333333327777775,0.0999999999975,0.1933333333096111,169
75855,3,4,0.33333333327777775,0.0999999999975,0.1933333333096111,170
75979,3,4,0.33333333327777775,0.0999999999975,0.1933333333096111,171
75765,3,4,0.33333333327777775,0.0999999999975,0.1933333333096111,172
76511,3,4,0.33333333327777775,0.0999999999975,0.1933333333096111,173
76550,3,4,0.33333333327777775,0.0999999999975,0.1933333333096111,174
79014,3,4,0.33333333327777775,0.0999999999975,0.1933333333096111,175
79364,3,4,0.33333333327777775,0.0999999999975,0.1933333333096111,176
76653,3,4,0.33333333327777775,0.0999999999975,0.1933333333096111,177
78626,3,4,0.33333333327777775,0.0999999999975,0.1933333333096111,178
78610,3,4,0.33333333327777775,0.0999999999975,0.1933333333096111,179
78613,3,4,0.33333333327777775,0.0999999999975,0.1933333333096111,180
75755,3,4,0.33333333327777775,0.0999999999975,0.1933333333096111,181
75835,3,4,0.33333333327777775,0.0999999999975,0.1933333333096111,182
76078,3,4,0.33333333327777775,0.0999999999975,0.1933333333096111,183
75603,2,8,0.16666666663888888,0.199999999995,0.18666666665255555,184
77304,2,8,0.16666666663888888,0.199999999995,0.18666666665255555,185
75460,2,8,0.16666666663888888,0.199999999995,0.18666666665255555,186
75662,2,8,0.16666666663888888,0.199999999995,0.18666666665255555,187
78586,2,8,0.16666666663888888,0.199999999995,0.18666666665255555,188
75904,2,8,0.16666666663888888,0.199999999995,0.18666666665255555,189
75935,2,8,0.16666666663888888,0.199999999995,0.18666666665255555,190
75860,2,8,0.16666666663888888,0.199999999995,0.18666666665255555,191
78945,2,8,0.16666666663888888,0.199999999995,0.18666666665255555,192
76430,2,8,0.16666666663888888,0.199999999995,0.18666666665255555,193
79118,1,12,0.0,0.29999999999250004,0.1799999999955,194
77642,1,12,0.0,0.29999999999250004,0.1799999999955,195
75417,3,3,0.33333333327777775,0.07499999999812501,0.1783333333099861,196
79371,3,3,0.33333333327777775,0.07499999999812501,0.1783333333099861,197
75644,3,3,0.33333333327777775,0.07499999999812501,0.1783333333099861,198
76519,3,3,0.33333333327777775,0.07499999999812501,0.1783333333099861,199
75681,3,3,0.33333333327777775,0.07499999999812501,0.1783333333099861,200
78163,3,3,0.33333333327777775,0.07499999999812501,0.1783333333099861,201
77995,3,3,0.33333333327777775,0.07499999999812501,0.1783333333099861,202
79357,3,3,0.33333333327777775,0.07499999999812501,0.1783333333099861,203
79532,3,3,0.33333333327777775,0.07499999999812501,0.1783333333099861,204
75570,3,3,0.33333333327777775,0.07499999999812501,0.1783333333099861,205
77803,3,3,0.33333333327777775,0.07499999999812501,0.1783333333099861,206
77465,3,3,0.33333333327777775,0.07499999999812501,0.1783333333099861,207
75494,3,3,0.33333333327777775,0.07499999999812501,0.1783333333099861,208
75497,3,3,0.33333333327777775,0.07499999999812501,0.1783333333099861,209
79322,3,3,0.33333333327777775,0.07499999999812501,0.1783333333099861,210
75932,3,3,0.33333333327777775,0.07499999999812501,0.1783333333099861,211
75845,3,3,0.33333333327777775,0.07499999999812501,0.1783333333099861,212
76549,3,3,0.33333333327777775,0.07499999999812501,0.1783333333099861,213
79379,2,7,0.16666666663888888,0.17499999999562502,0.17166666665293057,214
76501,2,7,0.16666666663888888,0.17499999999562502,0.17166666665293057,215
75024,2,7,0.16666666663888888,0.17499999999562502,0.17166666665293057,216
78582,2,7,0.16666666663888888,0.17499999999562502,0.17166666665293057,217
76033,2,7,0.16666666663888888,0.17499999999562502,0.17166666665293057,218
78624,2,7,0.16666666663888888,0.17499999999562502,0.17166666665293057,219
75482,2,7,0.16666666663888888,0.17499999999562502,0.17166666665293057,220
78526,2,7,0.16666666663888888,0.17499999999562502,0.17166666665293057,221
79052,2,7,0.16666666663888888,0.17499999999562502,0.17166666665293057,222
79772,1,11,0.0,0.274999999993125,0.164999999995875,223
79606,1,11,0.0,0.274999999993125,0.164999999995875,224
75043,1,11,0.0,0.274999999993125,0.164999999995875,225
79745,1,11,0.0,0.274999999993125,0.164999999995875,226
78954,3,2,0.33333333327777775,0.04999999999875,0.1633333333103611,227
76266,3,2,0.33333333327777775,0.04999999999875,0.1633333333103611,228
77445,3,2,0.33333333327777775,0.04999999999875,0.1633333333103611,229
79079,3,2,0.33333333327777775,0.04999999999875,0.1633333333103611,230
76935,3,2,0.33333333327777775,0.04999999999875,0.1633333333103611,231
77963,3,2,0.33333333327777775,0.04999999999875,0.1633333333103611,232
79382,3,2,0.33333333327777775,0.04999999999875,0.1633333333103611,233
77340,3,2,0.33333333327777775,0.04999999999875,0.1633333333103611,234
78959,3,2,0.33333333327777775,0.04999999999875,0.1633333333103611,235
79245,3,2,0.33333333327777775,0.04999999999875,0.1633333333103611,236
75966,3,2,0.33333333327777775,0.04999999999875,0.1633333333103611,237
75941,3,2,0.33333333327777775,0.04999999999875,0.1633333333103611,238
75939,3,2,0.33333333327777775,0.04999999999875,0.1633333333103611,239
79313,3,2,0.33333333327777775,0.04999999999875,0.1633333333103611,240
75803,3,2,0.33333333327777775,0.04999999999875,0.1633333333103611,241
75930,3,2,0.33333333327777775,0.04999999999875,0.1633333333103611,242
75954,3,2,0.33333333327777775,0.04999999999875,0.1633333333103611,243
77358,3,2,0.33333333327777775,0.04999999999875,0.1633333333103611,244
79250,3,2,0.33333333327777775,0.04999999999875,0.1633333333103611,245
79345,3,2,0.33333333327777775,0.04999999999875,0.1633333333103611,246
78934,3,2,0.33333333327777775,0.04999999999875,0.1633333333103611,247
76259,3,2,0.33333333327777775,0.04999999999875,0.1633333333103611,248
76522,3,2,0.33333333327777775,0.04999999999875,0.1633333333103611,249
76570,3,2,0.33333333327777775,0.04999999999875,0.1633333333103611,250
75638,3,2,0.33333333327777775,0.04999999999875,0.1633333333103611,251
75561,3,2,0.33333333327777775,0.04999999999875,0.1633333333103611,252
78052,3,2,0.33333333327777775,0.04999999999875,0.1633333333103611,253
78124,3,2,0.33333333327777775,0.04999999999875,0.1633333333103611,254
76629,3,2,0.33333333327777775,0.04999999999875,0.1633333333103611,255
75563,3,2,0.33333333327777775,0.04999999999875,0.1633333333103611,256
79095,3,2,0.33333333327777775,0.04999999999875,0.1633333333103611,257
75938,3,2,0.33333333327777775,0.04999999999875,0.1633333333103611,258
78837,3,2,0.33333333327777775,0.04999999999875,0.1633333333103611,259
76518,3,2,0.33333333327777775,0.04999999999875,0.1633333333103611,260
78942,3,2,0.33333333327777775,0.04999999999875,0.1633333333103611,261
77302,2,6,0.16666666663888888,0.14999999999625002,0.15666666665330556,262
79561,2,6,0.16666666663888888,0.14999999999625002,0.15666666665330556,263
77301,2,6,0.16666666663888888,0.14999999999625002,0.15666666665330556,264
75006,2,6,0.16666666663888888,0.14999999999625002,0.15666666665330556,265
79329,2,6,0.16666666663888888,0.14999999999625002,0.15666666665330556,266
75801,2,6,0.16666666663888888,0.14999999999625002,0.15666666665330556,267
76207,2,6,0.16666666663888888,0.14999999999625002,0.15666666665330556,268
78636,2,6,0.16666666663888888,0.14999999999625002,0.15666666665330556,269
76458,2,6,0.16666666663888888,0.14999999999625002,0.15666666665330556,270
76049,2,6,0.16666666663888888,0.14999999999625002,0.15666666665330556,271
76048,2,6,0.16666666663888888,0.14999999999625002,0.15666666665330556,272
78744,2,6,0.16666666663888888,0.14999999999625002,0.15666666665330556,273
75605,2,6,0.16666666663888888,0.14999999999625002,0.15666666665330556,274
75602,2,6,0.16666666663888888,0.14999999999625002,0.15666666665330556,275
75261,1,10,0.0,0.24999999999375003,0.14999999999625002,276
79124,1,10,0.0,0.24999999999375003,0.14999999999625002,277
78852,1,10,0.0,0.24999999999375003,0.14999999999625002,278
75040,1,10,0.0,0.24999999999375003,0.14999999999625002,279
75169,1,10,0.0,0.24999999999375003,0.14999999999625002,280
76951,1,10,0.0,0.24999999999375003,0.14999999999625002,281
79082,3,1,0.33333333327777775,0.024999999999375,0.14833333331073612,282
77865,3,1,0.33333333327777775,0.024999999999375,0.14833333331073612,283
77801,3,1,0.33333333327777775,0.024999999999375,0.14833333331073612,284
79381,3,1,0.33333333327777775,0.024999999999375,0.14833333331073612,285
76930,3,1,0.33333333327777775,0.024999999999375,0.14833333331073612,286
76859,3,1,0.33333333327777775,0.024999999999375,0.14833333331073612,287
78950,3,1,0.33333333327777775,0.024999999999375,0.14833333331073612,288
75556,3,1,0.33333333327777775,0.024999999999375,0.14833333331073612,289
75931,3,1,0.33333333327777775,0.024999999999375,0.14833333331073612,290
78833,3,1,0.33333333327777775,0.024999999999375,0.14833333331073612,291
78726,3,1,0.33333333327777775,0.024999999999375,0.14833333331073612,292
75831,3,1,0.33333333327777775,0.024999999999375,0.14833333331073612,293
78933,3,1,0.33333333327777775,0.024999999999375,0.14833333331073612,294
78606,3,1,0.33333333327777775,0.024999999999375,0.14833333331073612,295
78116,3,1,0.33333333327777775,0.024999999999375,0.14833333331073612,296
78108,3,1,0.33333333327777775,0.024999999999375,0.14833333331073612,297
79009,3,1,0.33333333327777775,0.024999999999375,0.14833333331073612,298
79005,3,1,0.33333333327777775,0.024999999999375,0.14833333331073612,299
75654,3,1,0.33333333327777775,0.024999999999375,0.14833333331073612,300
78159,3,1,0.33333333327777775,0.024999999999375,0.14833333331073612,301
76687,3,1,0.33333333327777775,0.024999999999375,0.14833333331073612,302
78056,3,1,0.33333333327777775,0.024999999999375,0.14833333331073612,303
76247,3,1,0.33333333327777775,0.024999999999375,0.14833333331073612,304
76457,3,1,0.33333333327777775,0.024999999999375,0.14833333331073612,305
78750,3,1,0.33333333327777775,0.024999999999375,0.14833333331073612,306
75975,3,1,0.33333333327777775,0.024999999999375,0.14833333331073612,307
75974,3,1,0.33333333327777775,0.024999999999375,0.14833333331073612,308
76569,3,1,0.33333333327777775,0.024999999999375,0.14833333331073612,309
79358,3,1,0.33333333327777775,0.024999999999375,0.14833333331073612,310
75691,3,1,0.33333333327777775,0.024999999999375,0.14833333331073612,311
78941,3,1,0.33333333327777775,0.024999999999375,0.14833333331073612,312
75683,3,1,0.33333333327777775,0.024999999999375,0.14833333331073612,313
76534,3,1,0.33333333327777775,0.024999999999375,0.14833333331073612,314
76530,3,1,0.33333333327777775,0.024999999999375,0.14833333331073612,315
76520,3,1,0.33333333327777775,0.024999999999375,0.14833333331073612,316
76052,3,1,0.33333333327777775,0.024999999999375,0.14833333331073612,317
77318,2,5,0.16666666663888888,0.12499999999687501,0.14166666665368055,318
79738,2,5,0.16666666663888888,0.12499999999687501,0.14166666665368055,319
77488,2,5,0.16666666663888888,0.12499999999687501,0.14166666665368055,320
79528,2,5,0.16666666663888888,0.12499999999687501,0.14166666665368055,321
78013,2,5,0.16666666663888888,0.12499999999687501,0.14166666665368055,322
79036,2,5,0.16666666663888888,0.12499999999687501,0.14166666665368055,323
77861,2,5,0.16666666663888888,0.12499999999687501,0.14166666665368055,324
75667,2,5,0.16666666663888888,0.12499999999687501,0.14166666665368055,325
78045,2,5,0.16666666663888888,0.12499999999687501,0.14166666665368055,326
78140,2,5,0.16666666663888888,0.12499999999687501,0.14166666665368055,327
76442,2,5,0.16666666663888888,0.12499999999687501,0.14166666665368055,328
78061,2,5,0.16666666663888888,0.12499999999687501,0.14166666665368055,329
75684,2,5,0.16666666663888888,0.12499999999687501,0.14166666665368055,330
78861,2,5,0.16666666663888888,0.12499999999687501,0.14166666665368055,331
76088,2,5,0.16666666663888888,0.12499999999687501,0.14166666665368055,332
75789,2,5,0.16666666663888888,0.12499999999687501,0.14166666665368055,333
79312,2,5,0.16666666663888888,0.12499999999687501,0.14166666665368055,334
75961,2,5,0.16666666663888888,0.12499999999687501,0.14166666665368055,335
75009,2,5,0.16666666663888888,0.12499999999687501,0.14166666665368055,336
75035,2,5,0.16666666663888888,0.12499999999687501,0.14166666665368055,337
76905,1,9,0.0,0.22499999999437503,0.13499999999662501,338
77627,1,9,0.0,0.22499999999437503,0.13499999999662501,339
77619,1,9,0.0,0.22499999999437503,0.13499999999662501,340
77575,1,9,0.0,0.22499999999437503,0.13499999999662501,341
76244,1,9,0.0,0.22499999999437503,0.13499999999662501,342
75243,1,9,0.0,0.22499999999437503,0.13499999999662501,343
76657,1,9,0.0,0.22499999999437503,0.13499999999662501,344
79259,3,0,0.33333333327777775,0.0,0.1333333333111111,345
75554,3,0,0.33333333327777775,0.0,0.1333333333111111,346
77853,3,0,0.33333333327777775,0.0,0.1333333333111111,347
79057,3,0,0.33333333327777775,0.0,0.1333333333111111,348
77857,3,0,0.33333333327777775,0.0,0.1333333333111111,349
75949,3,0,0.33333333327777775,0.0,0.1333333333111111,350
75851,3,0,0.33333333327777775,0.0,0.1333333333111111,351
75847,3,0,0.33333333327777775,0.0,0.1333333333111111,352
78747,3,0,0.33333333327777775,0.0,0.1333333333111111,353
77455,3,0,0.33333333327777775,0.0,0.1333333333111111,354
75946,3,0,0.33333333327777775,0.0,0.1333333333111111,355
79314,3,0,0.33333333327777775,0.0,0.1333333333111111,356
75929,3,0,0.33333333327777775,0.0,0.1333333333111111,357
78608,3,0,0.33333333327777775,0.0,0.1333333333111111,358
76238,3,0,0.33333333327777775,0.0,0.1333333333111111,359
76578,3,0,0.33333333327777775,0.0,0.1333333333111111,360
78066,3,0,0.33333333327777775,0.0,0.1333333333111111,361
78953,3,0,0.33333333327777775,0.0,0.1333333333111111,362
79019,3,0,0.33333333327777775,0.0,0.1333333333111111,363
79093,3,0,0.33333333327777775,0.0,0.1333333333111111,364
76680,3,0,0.33333333327777775,0.0,0.1333333333111111,365
78932,3,0,0.33333333327777775,0.0,0.1333333333111111,366
77328,3,0,0.33333333327777775,0.0,0.1333333333111111,367
77359,3,0,0.33333333327777775,0.0,0.1333333333111111,368
79062,3,0,0.33333333327777775,0.0,0.1333333333111111,369
79240,3,0,0.33333333327777775,0.0,0.1333333333111111,370
79239,3,0,0.33333333327777775,0.0,0.1333333333111111,371
76527,3,0,0.33333333327777775,0.0,0.1333333333111111,372
75643,3,0,0.33333333327777775,0.0,0.1333333333111111,373
76832,3,0,0.33333333327777775,0.0,0.1333333333111111,374
76671,3,0,0.33333333327777775,0.0,0.1333333333111111,375
78058,3,0,0.33333333327777775,0.0,0.1333333333111111,376
76652,3,0,0.33333333327777775,0.0,0.1333333333111111,377
77880,3,0,0.33333333327777775,0.0,0.1333333333111111,378
78828,3,0,0.33333333327777775,0.0,0.1333333333111111,379
79039,3,0,0.33333333327777775,0.0,0.1333333333111111,380
79261,2,4,0.16666666663888888,0.0999999999975,0.12666666665405557,381
75074,2,4,0.16666666663888888,0.0999999999975,0.12666666665405557,382
77371,2,4,0.16666666663888888,0.0999999999975,0.12666666665405557,383
79252,2,4,0.16666666663888888,0.0999999999975,0.12666666665405557,384
75093,2,4,0.16666666663888888,0.0999999999975,0.12666666665405557,385
79031,2,4,0.16666666663888888,0.0999999999975,0.12666666665405557,386
77954,2,4,0.16666666663888888,0.0999999999975,0.12666666665405557,387
79029,2,4,0.16666666663888888,0.0999999999975,0.12666666665405557,388
79083,2,4,0.16666666663888888,0.0999999999975,0.12666666665405557,389
76849,2,4,0.16666666663888888,0.0999999999975,0.12666666665405557,390
76801,2,4,0.16666666663888888,0.0999999999975,0.12666666665405557,391
78644,2,4,0.16666666663888888,0.0999999999975,0.12666666665405557,392
78014,2,4,0.16666666663888888,0.0999999999975,0.12666666665405557,393
79351,2,4,0.16666666663888888,0.0999999999975,0.12666666665405557,394
75839,2,4,0.16666666663888888,0.0999999999975,0.12666666665405557,395
78629,2,4,0.16666666663888888,0.0999999999975,0.12666666665405557,396
75783,2,4,0.16666666663888888,0.0999999999975,0.12666666665405557,397
78057,2,4,0.16666666663888888,0.0999999999975,0.12666666665405557,398
78732,2,4,0.16666666663888888,0.0999999999975,0.12666666665405557,399
78719,2,4,0.16666666663888888,0.0999999999975,0.12666666665405557,400
77830,2,4,0.16666666663888888,0.0999999999975,0.12666666665405557,401
75071,2,4,0.16666666663888888,0.0999999999975,0.12666666665405557,402
78617,2,4,0.16666666663888888,0.0999999999975,0.12666666665405557,403
76205,2,4,0.16666666663888888,0.0999999999975,0.12666666665405557,404
76665,2,4,0.16666666663888888,0.0999999999975,0.12666666665405557,405
76542,2,4,0.16666666663888888,0.0999999999975,0.12666666665405557,406
76544,2,4,0.16666666663888888,0.0999999999975,0.12666666665405557,407
79370,2,4,0.16666666663888888,0.0999999999975,0.12666666665405557,408
75640,2,4,0.16666666663888888,0.0999999999975,0.12666666665405557,409
77378,2,4,0.16666666663888888,0.0999999999975,0.12666666665405557,410
79058,2,4,0.16666666663888888,0.0999999999975,0.12666666665405557,411
76513,2,4,0.16666666663888888,0.0999999999975,0.12666666665405557,412
76487,2,4,0.16666666663888888,0.0999999999975,0.12666666665405557,413
78071,2,4,0.16666666663888888,0.0999999999975,0.12666666665405557,414
78118,2,4,0.16666666663888888,0.0999999999975,0.12666666665405557,415
75773,2,4,0.16666666663888888,0.0999999999975,0.12666666665405557,416
78621,2,4,0.16666666663888888,0.0999999999975,0.12666666665405557,417
79086,2,4,0.16666666663888888,0.0999999999975,0.12666666665405557,418
78154,2,4,0.16666666663888888,0.0999999999975,0.12666666665405557,419
76642,2,4,0.16666666663888888,0.0999999999975,0.12666666665405557,420
76262,2,4,0.16666666663888888,0.0999999999975,0.12666666665405557,421
77480,1,8,0.0,0.199999999995,0.119999999997,422
77434,1,8,0.0,0.199999999995,0.119999999997,423
77971,1,8,0.0,0.199999999995,0.119999999997,424
75182,1,8,0.0,0.199999999995,0.119999999997,425
76424,1,8,0.0,0.199999999995,0.119999999997,426
76634,1,8,0.0,0.199999999995,0.119999999997,427
76710,1,8,0.0,0.199999999995,0.119999999997,428
78602,1,8,0.0,0.199999999995,0.119999999997,429
76087,1,8,0.0,0.199999999995,0.119999999997,430
75092,1,8,0.0,0.199999999995,0.119999999997,431
75020,1,8,0.0,0.199999999995,0.119999999997,432
78940,2,3,0.16666666663888888,0.07499999999812501,0.11166666665443056,433
78609,2,3,0.16666666663888888,0.07499999999812501,0.11166666665443056,434
76692,2,3,0.16666666663888888,0.07499999999812501,0.11166666665443056,435
76201,2,3,0.16666666663888888,0.07499999999812501,0.11166666665443056,436
78628,2,3,0.16666666663888888,0.07499999999812501,0.11166666665443056,437
76502,2,3,0.16666666663888888,0.07499999999812501,0.11166666665443056,438
79938,2,3,0.16666666663888888,0.07499999999812501,0.11166666665443056,439
78064,2,3,0.16666666663888888,0.07499999999812501,0.11166666665443056,440
75656,2,3,0.16666666663888888,0.07499999999812501,0.11166666665443056,441
76504,2,3,0.16666666663888888,0.07499999999812501,0.11166666665443056,442
76531,2,3,0.16666666663888888,0.07499999999812501,0.11166666665443056,443
76455,2,3,0.16666666663888888,0.07499999999812501,0.11166666665443056,444
76537,2,3,0.16666666663888888,0.07499999999812501,0.11166666665443056,445
76226,2,3,0.16666666663888888,0.07499999999812501,0.11166666665443056,446
76209,2,3,0.16666666663888888,0.07499999999812501,0.11166666665443056,447
79097,2,3,0.16666666663888888,0.07499999999812501,0.11166666665443056,448
75844,2,3,0.16666666663888888,0.07499999999812501,0.11166666665443056,449
79080,2,3,0.16666666663888888,0.07499999999812501,0.11166666665443056,450
75956,2,3,0.16666666663888888,0.07499999999812501,0.11166666665443056,451
75928,2,3,0.16666666663888888,0.07499999999812501,0.11166666665443056,452
78735,2,3,0.16666666663888888,0.07499999999812501,0.11166666665443056,453
77484,2,3,0.16666666663888888,0.07499999999812501,0.11166666665443056,454
78727,2,3,0.16666666663888888,0.07499999999812501,0.11166666665443056,455
77356,2,3,0.16666666663888888,0.07499999999812501,0.11166666665443056,456
75044,2,3,0.16666666663888888,0.07499999999812501,0.11166666665443056,457
77447,2,3,0.16666666663888888,0.07499999999812501,0.11166666665443056,458
77316,2,3,0.16666666663888888,0.07499999999812501,0.11166666665443056,459
77389,2,3,0.16666666663888888,0.07499999999812501,0.11166666665443056,460
77306,2,3,0.16666666663888888,0.07499999999812501,0.11166666665443056,461
75568,2,3,0.16666666663888888,0.07499999999812501,0.11166666665443056,462
76941,2,3,0.16666666663888888,0.07499999999812501,0.11166666665443056,463
77831,2,3,0.16666666663888888,0.07499999999812501,0.11166666665443056,464
79506,2,3,0.16666666663888888,0.07499999999812501,0.11166666665443056,465
76043,2,3,0.16666666663888888,0.07499999999812501,0.11166666665443056,466
79018,2,3,0.16666666663888888,0.07499999999812501,0.11166666665443056,467
76571,2,3,0.16666666663888888,0.07499999999812501,0.11166666665443056,468
76265,2,3,0.16666666663888888,0.07499999999812501,0.11166666665443056,469
78009,2,3,0.16666666663888888,0.07499999999812501,0.11166666665443056,470
76208,2,3,0.16666666663888888,0.07499999999812501,0.11166666665443056,471
78641,2,3,0.16666666663888888,0.07499999999812501,0.11166666665443056,472
78643,2,3,0.16666666663888888,0.07499999999812501,0.11166666665443056,473
75401,1,7,0.0,0.17499999999562502,0.10499999999737501,474
78410,1,7,0.0,0.17499999999562502,0.10499999999737501,475
76712,1,7,0.0,0.17499999999562502,0.10499999999737501,476
75840,1,7,0.0,0.17499999999562502,0.10499999999737501,477
77651,1,7,0.0,0.17499999999562502,0.10499999999737501,478
77535,1,7,0.0,0.17499999999562502,0.10499999999737501,479
79512,1,7,0.0,0.17499999999562502,0.10499999999737501,480
78758,1,7,0.0,0.17499999999562502,0.10499999999737501,481
78041,1,7,0.0,0.17499999999562502,0.10499999999737501,482
75110,1,7,0.0,0.17499999999562502,0.10499999999737501,483
77656,1,7,0.0,0.17499999999562502,0.10499999999737501,484
79602,1,7,0.0,0.17499999999562502,0.10499999999737501,485
75574,2,2,0.16666666663888888,0.04999999999875,0.09666666665480556,486
75571,2,2,0.16666666663888888,0.04999999999875,0.09666666665480556,487
77873,2,2,0.16666666663888888,0.04999999999875,0.09666666665480556,488
76877,2,2,0.16666666663888888,0.04999999999875,0.09666666665480556,489
79243,2,2,0.16666666663888888,0.04999999999875,0.09666666665480556,490
79046,2,2,0.16666666663888888,0.04999999999875,0.09666666665480556,491
79502,2,2,0.16666666663888888,0.04999999999875,0.09666666665480556,492
78881,2,2,0.16666666663888888,0.04999999999875,0.09666666665480556,493
78738,2,2,0.16666666663888888,0.04999999999875,0.09666666665480556,494
78759,2,2,0.16666666663888888,0.04999999999875,0.09666666665480556,495
78749,2,2,0.16666666663888888,0.04999999999875,0.09666666665480556,496
75925,2,2,0.16666666663888888,0.04999999999875,0.09666666665480556,497
75965,2,2,0.16666666663888888,0.04999999999875,0.09666666665480556,498
78839,2,2,0.16666666663888888,0.04999999999875,0.09666666665480556,499
78728,2,2,0.16666666663888888,0.04999999999875,0.09666666665480556,500
77474,2,2,0.16666666663888888,0.04999999999875,0.09666666665480556,501
79781,2,2,0.16666666663888888,0.04999999999875,0.09666666665480556,502
77385,2,2,0.16666666663888888,0.04999999999875,0.09666666665480556,503
77357,2,2,0.16666666663888888,0.04999999999875,0.09666666665480556,504
75070,2,2,0.16666666663888888,0.04999999999875,0.09666666665480556,505
77360,2,2,0.16666666663888888,0.04999999999875,0.09666666665480556,506
76690,2,2,0.16666666663888888,0.04999999999875,0.09666666665480556,507
76854,2,2,0.16666666663888888,0.04999999999875,0.09666666665480556,508
77984,2,2,0.16666666663888888,0.04999999999875,0.09666666665480556,509
78010,2,2,0.16666666663888888,0.04999999999875,0.09666666665480556,510
77990,2,2,0.16666666663888888,0.04999999999875,0.09666666665480556,511
78648,2,2,0.16666666663888888,0.04999999999875,0.09666666665480556,512
78656,2,2,0.16666666663888888,0.04999999999875,0.09666666665480556,513
78023,2,2,0.16666666663888888,0.04999999999875,0.09666666665480556,514
78657,2,2,0.16666666663888888,0.04999999999875,0.09666666665480556,515
78025,2,2,0.16666666663888888,0.04999999999875,0.09666666665480556,516
78717,2,2,0.16666666663888888,0.04999999999875,0.09666666665480556,517
75567,2,2,0.16666666663888888,0.04999999999875,0.09666666665480556,518
78632,2,2,0.16666666663888888,0.04999999999875,0.09666666665480556,519
76177,2,2,0.16666666663888888,0.04999999999875,0.09666666665480556,520
78063,2,2,0.16666666663888888,0.04999999999875,0.09666666665480556,521
79330,2,2,0.16666666663888888,0.04999999999875,0.09666666665480556,522
78669,2,2,0.16666666663888888,0.04999999999875,0.09666666665480556,523
78675,2,2,0.16666666663888888,0.04999999999875,0.09666666665480556,524
78638,2,2,0.16666666663888888,0.04999999999875,0.09666666665480556,525
78645,2,2,0.16666666663888888,0.04999999999875,0.09666666665480556,526
78640,2,2,0.16666666663888888,0.04999999999875,0.09666666665480556,527
76255,2,2,0.16666666663888888,0.04999999999875,0.09666666665480556,528
78065,2,2,0.16666666663888888,0.04999999999875,0.09666666665480556,529
76627,2,2,0.16666666663888888,0.04999999999875,0.09666666665480556,530
78073,2,2,0.16666666663888888,0.04999999999875,0.09666666665480556,531
78113,2,2,0.16666666663888888,0.04999999999875,0.09666666665480556,532
78119,2,2,0.16666666663888888,0.04999999999875,0.09666666665480556,533
79363,2,2,0.16666666663888888,0.04999999999875,0.09666666665480556,534
76574,2,2,0.16666666663888888,0.04999999999875,0.09666666665480556,535
78121,2,2,0.16666666663888888,0.04999999999875,0.09666666665480556,536
78141,2,2,0.16666666663888888,0.04999999999875,0.09666666665480556,537
78357,2,2,0.16666666663888888,0.04999999999875,0.09666666665480556,538
78385,2,2,0.16666666663888888,0.04999999999875,0.09666666665480556,539
78377,2,2,0.16666666663888888,0.04999999999875,0.09666666665480556,540
78264,2,2,0.16666666663888888,0.04999999999875,0.09666666665480556,541
76541,2,2,0.16666666663888888,0.04999999999875,0.09666666665480556,542
78372,2,2,0.16666666663888888,0.04999999999875,0.09666666665480556,543
77380,2,2,0.16666666663888888,0.04999999999875,0.09666666665480556,544
78223,2,2,0.16666666663888888,0.04999999999875,0.09666666665480556,545
75013,2,2,0.16666666663888888,0.04999999999875,0.09666666665480556,546
77336,2,2,0.16666666663888888,0.04999999999875,0.09666666665480556,547
79855,2,2,0.16666666663888888,0.04999999999875,0.09666666665480556,548
75023,2,2,0.16666666663888888,0.04999999999875,0.09666666665480556,549
77437,1,6,0.0,0.14999999999625002,0.08999999999775,550
77625,1,6,0.0,0.14999999999625002,0.08999999999775,551
77706,1,6,0.0,0.14999999999625002,0.08999999999775,552
78520,1,6,0.0,0.14999999999625002,0.08999999999775,553
78407,1,6,0.0,0.14999999999625002,0.08999999999775,554
78390,1,6,0.0,0.14999999999625002,0.08999999999775,555
78380,1,6,0.0,0.14999999999625002,0.08999999999775,556
79248,1,6,0.0,0.14999999999625002,0.08999999999775,557
75604,1,6,0.0,0.14999999999625002,0.08999999999775,558
75402,1,6,0.0,0.14999999999625002,0.08999999999775,559
76901,1,6,0.0,0.14999999999625002,0.08999999999775,560
76020,1,6,0.0,0.14999999999625002,0.08999999999775,561
76050,1,6,0.0,0.14999999999625002,0.08999999999775,562
79562,1,6,0.0,0.14999999999625002,0.08999999999775,563
79227,1,6,0.0,0.14999999999625002,0.08999999999775,564
78541,1,6,0.0,0.14999999999625002,0.08999999999775,565
76691,1,6,0.0,0.14999999999625002,0.08999999999775,566
79916,1,6,0.0,0.14999999999625002,0.08999999999775,567
76543,2,1,0.16666666663888888,0.024999999999375,0.08166666665518055,568
77381,2,1,0.16666666663888888,0.024999999999375,0.08166666665518055,569
78748,2,1,0.16666666663888888,0.024999999999375,0.08166666665518055,570
75069,2,1,0.16666666663888888,0.024999999999375,0.08166666665518055,571
77384,2,1,0.16666666663888888,0.024999999999375,0.08166666665518055,572
75933,2,1,0.16666666663888888,0.024999999999375,0.08166666665518055,573
78739,2,1,0.16666666663888888,0.024999999999375,0.08166666665518055,574
78355,2,1,0.16666666663888888,0.024999999999375,0.08166666665518055,575
75645,2,1,0.16666666663888888,0.024999999999375,0.08166666665518055,576
75960,2,1,0.16666666663888888,0.024999999999375,0.08166666665518055,577
75968,2,1,0.16666666663888888,0.024999999999375,0.08166666665518055,578
75651,2,1,0.16666666663888888,0.024999999999375,0.08166666665518055,579
79546,2,1,0.16666666663888888,0.024999999999375,0.08166666665518055,580
78736,2,1,0.16666666663888888,0.024999999999375,0.08166666665518055,581
78734,2,1,0.16666666663888888,0.024999999999375,0.08166666665518055,582
78730,2,1,0.16666666663888888,0.024999999999375,0.08166666665518055,583
77331,2,1,0.16666666663888888,0.024999999999375,0.08166666665518055,584
78253,2,1,0.16666666663888888,0.024999999999375,0.08166666665518055,585
76524,2,1,0.16666666663888888,0.024999999999375,0.08166666665518055,586
78164,2,1,0.16666666663888888,0.024999999999375,0.08166666665518055,587
76525,2,1,0.16666666663888888,0.024999999999375,0.08166666665518055,588
79366,2,1,0.16666666663888888,0.024999999999375,0.08166666665518055,589
75560,2,1,0.16666666663888888,0.024999999999375,0.08166666665518055,590
76557,2,1,0.16666666663888888,0.024999999999375,0.08166666665518055,591
79244,2,1,0.16666666663888888,0.024999999999375,0.08166666665518055,592
75977,2,1,0.16666666663888888,0.024999999999375,0.08166666665518055,593
78729,2,1,0.16666666663888888,0.024999999999375,0.08166666665518055,594
75972,2,1,0.16666666663888888,0.024999999999375,0.08166666665518055,595
75973,2,1,0.16666666663888888,0.024999999999375,0.08166666665518055,596
78851,2,1,0.16666666663888888,0.024999999999375,0.08166666665518055,597
77872,2,1,0.16666666663888888,0.024999999999375,0.08166666665518055,598
79536,2,1,0.16666666663888888,0.024999999999375,0.08166666665518055,599
76890,2,1,0.16666666663888888,0.024999999999375,0.08166666665518055,600
77975,2,1,0.16666666663888888,0.024999999999375,0.08166666665518055,601
77864,2,1,0.16666666663888888,0.024999999999375,0.08166666665518055,602
78353,2,1,0.16666666663888888,0.024999999999375,0.08166666665518055,603
75082,2,1,0.16666666663888888,0.024999999999375,0.08166666665518055,604
78962,2,1,0.16666666663888888,0.024999999999375,0.08166666665518055,605
78148,2,1,0.16666666663888888,0.024999999999375,0.08166666665518055,606
78151,2,1,0.16666666663888888,0.024999999999375,0.08166666665518055,607
76548,2,1,0.16666666663888888,0.024999999999375,0.08166666665518055,608
76554,2,1,0.16666666663888888,0.024999999999375,0.08166666665518055,609
75287,2,1,0.16666666663888888,0.024999999999375,0.08166666665518055,610
76837,2,1,0.16666666663888888,0.024999999999375,0.08166666665518055,611
76853,2,1,0.16666666663888888,0.024999999999375,0.08166666665518055,612
78015,2,1,0.16666666663888888,0.024999999999375,0.08166666665518055,613
78639,2,1,0.16666666663888888,0.024999999999375,0.08166666665518055,614
78642,2,1,0.16666666663888888,0.024999999999375,0.08166666665518055,615
78652,2,1,0.16666666663888888,0.024999999999375,0.08166666665518055,616
76093,2,1,0.16666666663888888,0.024999999999375,0.08166666665518055,617
78660,2,1,0.16666666663888888,0.024999999999375,0.08166666665518055,618
75692,2,1,0.16666666663888888,0.024999999999375,0.08166666665518055,619
78957,2,1,0.16666666663888888,0.024999999999375,0.08166666665518055,620
79413,2,1,0.16666666663888888,0.024999999999375,0.08166666665518055,621
79412,2,1,0.16666666663888888,0.024999999999375,0.08166666665518055,622
78022,2,1,0.16666666663888888,0.024999999999375,0.08166666665518055,623
78607,2,1,0.16666666663888888,0.024999999999375,0.08166666665518055,624
78070,2,1,0.16666666663888888,0.024999999999375,0.08166666665518055,625
78101,2,1,0.16666666663888888,0.024999999999375,0.08166666665518055,626
76649,2,1,0.16666666663888888,0.024999999999375,0.08166666665518055,627
76261,2,1,0.16666666663888888,0.024999999999375,0.08166666665518055,628
78566,2,1,0.16666666663888888,0.024999999999375,0.08166666665518055,629
78944,2,1,0.16666666663888888,0.024999999999375,0.08166666665518055,630
78631,2,1,0.16666666663888888,0.024999999999375,0.08166666665518055,631
78633,2,1,0.16666666663888888,0.024999999999375,0.08166666665518055,632
78059,2,1,0.16666666663888888,0.024999999999375,0.08166666665518055,633
79087,2,1,0.16666666663888888,0.024999999999375,0.08166666665518055,634
75760,2,1,0.16666666663888888,0.024999999999375,0.08166666665518055,635
78605,2,1,0.16666666663888888,0.024999999999375,0.08166666665518055,636
75435,2,1,0.16666666663888888,0.024999999999375,0.08166666665518055,637
75437,2,1,0.16666666663888888,0.024999999999375,0.08166666665518055,638
75566,2,1,0.16666666663888888,0.024999999999375,0.08166666665518055,639
75440,2,1,0.16666666663888888,0.024999999999375,0.08166666665518055,640
78827,2,1,0.16666666663888888,0.024999999999375,0.08166666665518055,641
77362,2,1,0.16666666663888888,0.024999999999375,0.08166666665518055,642
77364,2,1,0.16666666663888888,0.024999999999375,0.08166666665518055,643
78069,2,1,0.16666666663888888,0.024999999999375,0.08166666665518055,644
77338,2,1,0.16666666663888888,0.024999999999375,0.08166666665518055,645
77339,2,1,0.16666666663888888,0.024999999999375,0.08166666665518055,646
77372,2,1,0.16666666663888888,0.024999999999375,0.08166666665518055,647
79063,2,1,0.16666666663888888,0.024999999999375,0.08166666665518055,648
77373,2,1,0.16666666663888888,0.024999999999375,0.08166666665518055,649
77375,2,1,0.16666666663888888,0.024999999999375,0.08166666665518055,650
79851,2,1,0.16666666663888888,0.024999999999375,0.08166666665518055,651
75034,2,1,0.16666666663888888,0.024999999999375,0.08166666665518055,652
75033,1,5,0.0,0.12499999999687501,0.07499999999812501,653
75057,1,5,0.0,0.12499999999687501,0.07499999999812501,654
75067,1,5,0.0,0.12499999999687501,0.07499999999812501,655
76682,1,5,0.0,0.12499999999687501,0.07499999999812501,656
78599,1,5,0.0,0.12499999999687501,0.07499999999812501,657
76705,1,5,0.0,0.12499999999687501,0.07499999999812501,658
78612,1,5,0.0,0.12499999999687501,0.07499999999812501,659
75228,1,5,0.0,0.12499999999687501,0.07499999999812501,660
78550,1,5,0.0,0.12499999999687501,0.07499999999812501,661
76252,1,5,0.0,0.12499999999687501,0.07499999999812501,662
78026,1,5,0.0,0.12499999999687501,0.07499999999812501,663
76082,1,5,0.0,0.12499999999687501,0.07499999999812501,664
79526,1,5,0.0,0.12499999999687501,0.07499999999812501,665
79520,1,5,0.0,0.12499999999687501,0.07499999999812501,666
76058,1,5,0.0,0.12499999999687501,0.07499999999812501,667
75135,1,5,0.0,0.12499999999687501,0.07499999999812501,668
75080,1,5,0.0,0.12499999999687501,0.07499999999812501,669
78580,1,5,0.0,0.12499999999687501,0.07499999999812501,670
75474,1,5,0.0,0.12499999999687501,0.07499999999812501,671
77904,1,5,0.0,0.12499999999687501,0.07499999999812501,672
78577,1,5,0.0,0.12499999999687501,0.07499999999812501,673
76446,1,5,0.0,0.12499999999687501,0.07499999999812501,674
76856,1,5,0.0,0.12499999999687501,0.07499999999812501,675
76945,1,5,0.0,0.12499999999687501,0.07499999999812501,676
76933,1,5,0.0,0.12499999999687501,0.07499999999812501,677
76085,1,5,0.0,0.12499999999687501,0.07499999999812501,678
76044,1,5,0.0,0.12499999999687501,0.07499999999812501,679
77703,1,5,0.0,0.12499999999687501,0.07499999999812501,680
75647,1,5,0.0,0.12499999999687501,0.07499999999812501,681
77662,1,5,0.0,0.12499999999687501,0.07499999999812501,682
75409,1,5,0.0,0.12499999999687501,0.07499999999812501,683
77538,1,5,0.0,0.12499999999687501,0.07499999999812501,684
75019,1,5,0.0,0.12499999999687501,0.07499999999812501,685
79936,1,5,0.0,0.12499999999687501,0.07499999999812501,686
76470,1,5,0.0,0.12499999999687501,0.07499999999812501,687
77456,1,5,0.0,0.12499999999687501,0.07499999999812501,688
77564,1,5,0.0,0.12499999999687501,0.07499999999812501,689
78245,1,5,0.0,0.12499999999687501,0.07499999999812501,690
78834,2,0,0.16666666663888888,0.0,0.06666666665555555,691
76239,2,0,0.16666666663888888,0.0,0.06666666665555555,692
76246,2,0,0.16666666663888888,0.0,0.06666666665555555,693
75048,2,0,0.16666666663888888,0.0,0.06666666665555555,694
75858,2,0,0.16666666663888888,0.0,0.06666666665555555,695
77335,2,0,0.16666666663888888,0.0,0.06666666665555555,696
77365,2,0,0.16666666663888888,0.0,0.06666666665555555,697
77363,2,0,0.16666666663888888,0.0,0.06666666665555555,698
77368,2,0,0.16666666663888888,0.0,0.06666666665555555,699
75002,2,0,0.16666666663888888,0.0,0.06666666665555555,700
77341,2,0,0.16666666663888888,0.0,0.06666666665555555,701
77374,2,0,0.16666666663888888,0.0,0.06666666665555555,702
77369,2,0,0.16666666663888888,0.0,0.06666666665555555,703
77367,2,0,0.16666666663888888,0.0,0.06666666665555555,704
79839,2,0,0.16666666663888888,0.0,0.06666666665555555,705
75025,2,0,0.16666666663888888,0.0,0.06666666665555555,706
79848,2,0,0.16666666663888888,0.0,0.06666666665555555,707
78021,2,0,0.16666666663888888,0.0,0.06666666665555555,708
78024,2,0,0.16666666663888888,0.0,0.06666666665555555,709
79401,2,0,0.16666666663888888,0.0,0.06666666665555555,710
79411,2,0,0.16666666663888888,0.0,0.06666666665555555,711
79414,2,0,0.16666666663888888,0.0,0.06666666665555555,712
76251,2,0,0.16666666663888888,0.0,0.06666666665555555,713
76263,2,0,0.16666666663888888,0.0,0.06666666665555555,714
76258,2,0,0.16666666663888888,0.0,0.06666666665555555,715
78027,2,0,0.16666666663888888,0.0,0.06666666665555555,716
78111,2,0,0.16666666663888888,0.0,0.06666666665555555,717
76579,2,0,0.16666666663888888,0.0,0.06666666665555555,718
76202,2,0,0.16666666663888888,0.0,0.06666666665555555,719
78630,2,0,0.16666666663888888,0.0,0.06666666665555555,720
76233,2,0,0.16666666663888888,0.0,0.06666666665555555,721
78931,2,0,0.16666666663888888,0.0,0.06666666665555555,722
78039,2,0,0.16666666663888888,0.0,0.06666666665555555,723
78884,2,0,0.16666666663888888,0.0,0.06666666665555555,724
76203,2,0,0.16666666663888888,0.0,0.06666666665555555,725
76204,2,0,0.16666666663888888,0.0,0.06666666665555555,726
76228,2,0,0.16666666663888888,0.0,0.06666666665555555,727
76656,2,0,0.16666666663888888,0.0,0.06666666665555555,728
75562,2,0,0.16666666663888888,0.0,0.06666666665555555,729
79085,2,0,0.16666666663888888,0.0,0.06666666665555555,730
79094,2,0,0.16666666663888888,0.0,0.06666666665555555,731
75784,2,0,0.16666666663888888,0.0,0.06666666665555555,732
78836,2,0,0.16666666663888888,0.0,0.06666666665555555,733
78802,2,0,0.16666666663888888,0.0,0.06666666665555555,734
75669,2,0,0.16666666663888888,0.0,0.06666666665555555,735
79342,2,0,0.16666666663888888,0.0,0.06666666665555555,736
78152,2,0,0.16666666663888888,0.0,0.06666666665555555,737
78663,2,0,0.16666666663888888,0.0,0.06666666665555555,738
79324,2,0,0.16666666663888888,0.0,0.06666666665555555,739
77878,2,0,0.16666666663888888,0.0,0.06666666665555555,740
76870,2,0,0.16666666663888888,0.0,0.06666666665555555,741
76871,2,0,0.16666666663888888,0.0,0.06666666665555555,742
79024,2,0,0.16666666663888888,0.0,0.06666666665555555,743
77968,2,0,0.16666666663888888,0.0,0.06666666665555555,744
75550,2,0,0.16666666663888888,0.0,0.06666666665555555,745
76432,2,0,0.16666666663888888,0.0,0.06666666665555555,746
77969,2,0,0.16666666663888888,0.0,0.06666666665555555,747
78949,2,0,0.16666666663888888,0.0,0.06666666665555555,748
78588,2,0,0.16666666663888888,0.0,0.06666666665555555,749
77876,2,0,0.16666666663888888,0.0,0.06666666665555555,750
75959,2,0,0.16666666663888888,0.0,0.06666666665555555,751
78872,2,0,0.16666666663888888,0.0,0.06666666665555555,752
78877,2,0,0.16666666663888888,0.0,0.06666666665555555,753
76070,2,0,0.16666666663888888,0.0,0.06666666665555555,754
77875,2,0,0.16666666663888888,0.0,0.06666666665555555,755
78871,2,0,0.16666666663888888,0.0,0.06666666665555555,756
77867,2,0,0.16666666663888888,0.0,0.06666666665555555,757
77863,2,0,0.16666666663888888,0.0,0.06666666665555555,758
77866,2,0,0.16666666663888888,0.0,0.06666666665555555,759
77852,2,0,0.16666666663888888,0.0,0.06666666665555555,760
76271,2,0,0.16666666663888888,0.0,0.06666666665555555,761
78646,2,0,0.16666666663888888,0.0,0.06666666665555555,762
78655,2,0,0.16666666663888888,0.0,0.06666666665555555,763
75838,2,0,0.16666666663888888,0.0,0.06666666665555555,764
78672,2,0,0.16666666663888888,0.0,0.06666666665555555,765
78671,2,0,0.16666666663888888,0.0,0.06666666665555555,766
78650,2,0,0.16666666663888888,0.0,0.06666666665555555,767
78007,2,0,0.16666666663888888,0.0,0.06666666665555555,768
78004,2,0,0.16666666663888888,0.0,0.06666666665555555,769
77994,2,0,0.16666666663888888,0.0,0.06666666665555555,770
76841,2,0,0.16666666663888888,0.0,0.06666666665555555,771
79013,2,0,0.16666666663888888,0.0,0.06666666665555555,772
75639,2,0,0.16666666663888888,0.0,0.06666666665555555,773
79376,2,0,0.16666666663888888,0.0,0.06666666665555555,774
76533,2,0,0.16666666663888888,0.0,0.06666666665555555,775
75641,2,0,0.16666666663888888,0.0,0.06666666665555555,776
75481,2,0,0.16666666663888888,0.0,0.06666666665555555,777
79044,2,0,0.16666666663888888,0.0,0.06666666665555555,778
79056,2,0,0.16666666663888888,0.0,0.06666666665555555,779
75078,2,0,0.16666666663888888,0.0,0.06666666665555555,780
77843,2,0,0.16666666663888888,0.0,0.06666666665555555,781
77850,2,0,0.16666666663888888,0.0,0.06666666665555555,782
79256,2,0,0.16666666663888888,0.0,0.06666666665555555,783
79251,2,0,0.16666666663888888,0.0,0.06666666665555555,784
76559,2,0,0.16666666663888888,0.0,0.06666666665555555,785
79010,2,0,0.16666666663888888,0.0,0.06666666665555555,786
76566,2,0,0.16666666663888888,0.0,0.06666666665555555,787
79233,2,0,0.16666666663888888,0.0,0.06666666665555555,788
76540,2,0,0.16666666663888888,0.0,0.06666666665555555,789
75477,2,0,0.16666666663888888,0.0,0.06666666665555555,790
79230,2,0,0.16666666663888888,0.0,0.06666666665555555,791
78383,2,0,0.16666666663888888,0.0,0.06666666665555555,792
78536,2,0,0.16666666663888888,0.0,0.06666666665555555,793
77838,2,0,0.16666666663888888,0.0,0.06666666665555555,794
79540,2,0,0.16666666663888888,0.0,0.06666666665555555,795
77660,2,0,0.16666666663888888,0.0,0.06666666665555555,796
75936,2,0,0.16666666663888888,0.0,0.06666666665555555,797
75969,2,0,0.16666666663888888,0.0,0.06666666665555555,798
75471,2,0,0.16666666663888888,0.0,0.06666666665555555,799
79541,2,0,0.16666666663888888,0.0,0.06666666665555555,800
75478,2,0,0.16666666663888888,0.0,0.06666666665555555,801
76565,2,0,0.16666666663888888,0.0,0.06666666665555555,802
76564,2,0,0.16666666663888888,0.0,0.06666666665555555,803
77333,2,0,0.16666666663888888,0.0,0.06666666665555555,804
77334,2,0,0.16666666663888888,0.0,0.06666666665555555,805
75852,2,0,0.16666666663888888,0.0,0.06666666665555555,806
75856,2,0,0.16666666663888888,0.0,0.06666666665555555,807
78838,2,0,0.16666666663888888,0.0,0.06666666665555555,808
75934,2,0,0.16666666663888888,0.0,0.06666666665555555,809
76508,2,0,0.16666666663888888,0.0,0.06666666665555555,810
77325,2,0,0.16666666663888888,0.0,0.06666666665555555,811
76547,2,0,0.16666666663888888,0.0,0.06666666665555555,812
76503,2,0,0.16666666663888888,0.0,0.06666666665555555,813
76505,2,0,0.16666666663888888,0.0,0.06666666665555555,814
75926,2,0,0.16666666663888888,0.0,0.06666666665555555,815
75850,2,0,0.16666666663888888,0.0,0.06666666665555555,816
77426,2,0,0.16666666663888888,0.0,0.06666666665555555,817
78160,2,0,0.16666666663888888,0.0,0.06666666665555555,818
76523,2,0,0.16666666663888888,0.0,0.06666666665555555,819
77303,2,0,0.16666666663888888,0.0,0.06666666665555555,820
77305,2,0,0.16666666663888888,0.0,0.06666666665555555,821
77386,2,0,0.16666666663888888,0.0,0.06666666665555555,822
77393,2,0,0.16666666663888888,0.0,0.06666666665555555,823
77382,2,0,0.16666666663888888,0.0,0.06666666665555555,824
77355,2,0,0.16666666663888888,0.0,0.06666666665555555,825
77354,2,0,0.16666666663888888,0.0,0.06666666665555555,826
77387,2,0,0.16666666663888888,0.0,0.06666666665555555,827
77353,2,0,0.16666666663888888,0.0,0.06666666665555555,828
77349,2,0,0.16666666663888888,0.0,0.06666666665555555,829
77344,2,0,0.16666666663888888,0.0,0.06666666665555555,830
77348,2,0,0.16666666663888888,0.0,0.06666666665555555,831
77343,2,0,0.16666666663888888,0.0,0.06666666665555555,832
77342,2,0,0.16666666663888888,0.0,0.06666666665555555,833
77377,2,0,0.16666666663888888,0.0,0.06666666665555555,834
77376,2,0,0.16666666663888888,0.0,0.06666666665555555,835
78578,1,4,0.0,0.0999999999975,0.0599999999985,836
76401,1,4,0.0,0.0999999999975,0.0599999999985,837
75752,1,4,0.0,0.0999999999975,0.0599999999985,838
75479,1,4,0.0,0.0999999999975,0.0599999999985,839
75490,1,4,0.0,0.0999999999975,0.0599999999985,840
78573,1,4,0.0,0.0999999999975,0.0599999999985,841
75771,1,4,0.0,0.0999999999975,0.0599999999985,842
77532,1,4,0.0,0.0999999999975,0.0599999999985,843
76825,1,4,0.0,0.0999999999975,0.0599999999985,844
75750,1,4,0.0,0.0999999999975,0.0599999999985,845
78409,1,4,0.0,0.0999999999975,0.0599999999985,846
78570,1,4,0.0,0.0999999999975,0.0599999999985,847
78229,1,4,0.0,0.0999999999975,0.0599999999985,848
77665,1,4,0.0,0.0999999999975,0.0599999999985,849
76273,1,4,0.0,0.0999999999975,0.0599999999985,850
78829,1,4,0.0,0.0999999999975,0.0599999999985,851
78363,1,4,0.0,0.0999999999975,0.0599999999985,852
78017,1,4,0.0,0.0999999999975,0.0599999999985,853
78584,1,4,0.0,0.0999999999975,0.0599999999985,854
77962,1,4,0.0,0.0999999999975,0.0599999999985,855
78046,1,4,0.0,0.0999999999975,0.0599999999985,856
79925,1,4,0.0,0.0999999999975,0.0599999999985,857
79927,1,4,0.0,0.0999999999975,0.0599999999985,858
77422,1,4,0.0,0.0999999999975,0.0599999999985,859
77420,1,4,0.0,0.0999999999975,0.0599999999985,860
79843,1,4,0.0,0.0999999999975,0.0599999999985,861
75056,1,4,0.0,0.0999999999975,0.0599999999985,862
75189,1,4,0.0,0.0999999999975,0.0599999999985,863
75407,1,4,0.0,0.0999999999975,0.0599999999985,864
79109,1,4,0.0,0.0999999999975,0.0599999999985,865
76704,1,4,0.0,0.0999999999975,0.0599999999985,866
75041,1,4,0.0,0.0999999999975,0.0599999999985,867
77708,1,4,0.0,0.0999999999975,0.0599999999985,868
78210,1,3,0.0,0.07499999999812501,0.044999999998875,869
78251,1,3,0.0,0.07499999999812501,0.044999999998875,870
78702,1,3,0.0,0.07499999999812501,0.044999999998875,871
78204,1,3,0.0,0.07499999999812501,0.044999999998875,872
76661,1,3,0.0,0.07499999999812501,0.044999999998875,873
76655,1,3,0.0,0.07499999999812501,0.044999999998875,874
75861,1,3,0.0,0.07499999999812501,0.044999999998875,875
78227,1,3,0.0,0.07499999999812501,0.044999999998875,876
76227,1,3,0.0,0.07499999999812501,0.044999999998875,877
76449,1,3,0.0,0.07499999999812501,0.044999999998875,878
76448,1,3,0.0,0.07499999999812501,0.044999999998875,879
78133,1,3,0.0,0.07499999999812501,0.044999999998875,880
78221,1,3,0.0,0.07499999999812501,0.044999999998875,881
75558,1,3,0.0,0.07499999999812501,0.044999999998875,882
77515,1,3,0.0,0.07499999999812501,0.044999999998875,883
77612,1,3,0.0,0.07499999999812501,0.044999999998875,884
77901,1,3,0.0,0.07499999999812501,0.044999999998875,885
78746,1,3,0.0,0.07499999999812501,0.044999999998875,886
76388,1,3,0.0,0.07499999999812501,0.044999999998875,887
78217,1,3,0.0,0.07499999999812501,0.044999999998875,888
78753,1,3,0.0,0.07499999999812501,0.044999999998875,889
78260,1,3,0.0,0.07499999999812501,0.044999999998875,890
79928,1,3,0.0,0.07499999999812501,0.044999999998875,891
79902,1,3,0.0,0.07499999999812501,0.044999999998875,892
79905,1,3,0.0,0.07499999999812501,0.044999999998875,893
76681,1,3,0.0,0.07499999999812501,0.044999999998875,894
75495,1,3,0.0,0.07499999999812501,0.044999999998875,895
79912,1,3,0.0,0.07499999999812501,0.044999999998875,896
79915,1,3,0.0,0.07499999999812501,0.044999999998875,897
79837,1,3,0.0,0.07499999999812501,0.044999999998875,898
78757,1,3,0.0,0.07499999999812501,0.044999999998875,899
75708,1,3,0.0,0.07499999999812501,0.044999999998875,900
77493,1,3,0.0,0.07499999999812501,0.044999999998875,901
79901,1,3,0.0,0.07499999999812501,0.044999999998875,902
76689,1,3,0.0,0.07499999999812501,0.044999999998875,903
79537,1,3,0.0,0.07499999999812501,0.044999999998875,904
75075,1,3,0.0,0.07499999999812501,0.044999999998875,905
75081,1,3,0.0,0.07499999999812501,0.044999999998875,906
76023,1,3,0.0,0.07499999999812501,0.044999999998875,907
75150,1,3,0.0,0.07499999999812501,0.044999999998875,908
76210,1,3,0.0,0.07499999999812501,0.044999999998875,909
78240,1,3,0.0,0.07499999999812501,0.044999999998875,910
78701,1,3,0.0,0.07499999999812501,0.044999999998875,911
75706,1,3,0.0,0.07499999999812501,0.044999999998875,912
78368,1,3,0.0,0.07499999999812501,0.044999999998875,913
76706,1,3,0.0,0.07499999999812501,0.044999999998875,914
78213,1,3,0.0,0.07499999999812501,0.044999999998875,915
76638,1,3,0.0,0.07499999999812501,0.044999999998875,916
79119,1,3,0.0,0.07499999999812501,0.044999999998875,917
79106,1,3,0.0,0.07499999999812501,0.044999999998875,918
76679,1,3,0.0,0.07499999999812501,0.044999999998875,919
78211,1,3,0.0,0.07499999999812501,0.044999999998875,920
78723,1,3,0.0,0.07499999999812501,0.044999999998875,921
78332,1,3,0.0,0.07499999999812501,0.044999999998875,922
75414,1,3,0.0,0.07499999999812501,0.044999999998875,923
79098,1,3,0.0,0.07499999999812501,0.044999999998875,924
78263,1,3,0.0,0.07499999999812501,0.044999999998875,925
75117,1,2,0.0,0.04999999999875,0.02999999999925,926
75001,1,2,0.0,0.04999999999875,0.02999999999925,927
75007,1,2,0.0,0.04999999999875,0.02999999999925,928
79535,1,2,0.0,0.04999999999875,0.02999999999925,929
79534,1,2,0.0,0.04999999999875,0.02999999999925,930
78589,1,2,0.0,0.04999999999875,0.02999999999925,931
78387,1,2,0.0,0.04999999999875,0.02999999999925,932
79521,1,2,0.0,0.04999999999875,0.02999999999925,933
78382,1,2,0.0,0.04999999999875,0.02999999999925,934
78379,1,2,0.0,0.04999999999875,0.02999999999925,935
79518,1,2,0.0,0.04999999999875,0.02999999999925,936
75077,1,2,0.0,0.04999999999875,0.02999999999925,937
78370,1,2,0.0,0.04999999999875,0.02999999999925,938
78369,1,2,0.0,0.04999999999875,0.02999999999925,939
76621,1,2,0.0,0.04999999999875,0.02999999999925,940
79553,1,2,0.0,0.04999999999875,0.02999999999925,941
75088,1,2,0.0,0.04999999999875,0.02999999999925,942
79821,1,2,0.0,0.04999999999875,0.02999999999925,943
78207,1,2,0.0,0.04999999999875,0.02999999999925,944
76483,1,2,0.0,0.04999999999875,0.02999999999925,945
76934,1,2,0.0,0.04999999999875,0.02999999999925,946
76476,1,2,0.0,0.04999999999875,0.02999999999925,947
79754,1,2,0.0,0.04999999999875,0.02999999999925,948
79838,1,2,0.0,0.04999999999875,0.02999999999925,949
79835,1,2,0.0,0.04999999999875,0.02999999999925,950
79830,1,2,0.0,0.04999999999875,0.02999999999925,951
76454,1,2,0.0,0.04999999999875,0.02999999999925,952
79904,1,2,0.0,0.04999999999875,0.02999999999925,953
78754,1,2,0.0,0.04999999999875,0.02999999999925,954
75028,1,2,0.0,0.04999999999875,0.02999999999925,955
76225,1,2,0.0,0.04999999999875,0.02999999999925,956
78224,1,2,0.0,0.04999999999875,0.02999999999925,957
79924,1,2,0.0,0.04999999999875,0.02999999999925,958
79922,1,2,0.0,0.04999999999875,0.02999999999925,959
79934,1,2,0.0,0.04999999999875,0.02999999999925,960
79718,1,2,0.0,0.04999999999875,0.02999999999925,961
78219,1,2,0.0,0.04999999999875,0.02999999999925,962
78216,1,2,0.0,0.04999999999875,0.02999999999925,963
78247,1,2,0.0,0.04999999999875,0.02999999999925,964
78552,1,2,0.0,0.04999999999875,0.02999999999925,965
78236,1,2,0.0,0.04999999999875,0.02999999999925,966
78542,1,2,0.0,0.04999999999875,0.02999999999925,967
78234,1,2,0.0,0.04999999999875,0.02999999999925,968
78008,1,2,0.0,0.04999999999875,0.02999999999925,969
78539,1,2,0.0,0.04999999999875,0.02999999999925,970
78003,1,2,0.0,0.04999999999875,0.02999999999925,971
76861,1,2,0.0,0.04999999999875,0.02999999999925,972
77597,1,2,0.0,0.04999999999875,0.02999999999925,973
77585,1,2,0.0,0.04999999999875,0.02999999999925,974
78257,1,2,0.0,0.04999999999875,0.02999999999925,975
78537,1,2,0.0,0.04999999999875,0.02999999999925,976
78620,1,2,0.0,0.04999999999875,0.02999999999925,977
77650,1,2,0.0,0.04999999999875,0.02999999999925,978
78516,1,2,0.0,0.04999999999875,0.02999999999925,979
78504,1,2,0.0,0.04999999999875,0.02999999999925,980
76444,1,2,0.0,0.04999999999875,0.02999999999925,981
76437,1,2,0.0,0.04999999999875,0.02999999999925,982
76633,1,2,0.0,0.04999999999875,0.02999999999925,983
76431,1,2,0.0,0.04999999999875,0.02999999999925,984
77657,1,2,0.0,0.04999999999875,0.02999999999925,985
78102,1,2,0.0,0.04999999999875,0.02999999999925,986
78574,1,2,0.0,0.04999999999875,0.02999999999925,987
77664,1,2,0.0,0.04999999999875,0.02999999999925,988
79107,1,2,0.0,0.04999999999875,0.02999999999925,989
76270,1,2,0.0,0.04999999999875,0.02999999999925,990
78597,1,2,0.0,0.04999999999875,0.02999999999925,991
78344,1,2,0.0,0.04999999999875,0.02999999999925,992
78343,1,2,0.0,0.04999999999875,0.02999999999925,993
76272,1,2,0.0,0.04999999999875,0.02999999999925,994
76640,1,2,0.0,0.04999999999875,0.02999999999925,995
76055,1,2,0.0,0.04999999999875,0.02999999999925,996
76051,1,2,0.0,0.04999999999875,0.02999999999925,997
78724,1,2,0.0,0.04999999999875,0.02999999999925,998
78741,1,2,0.0,0.04999999999875,0.02999999999925,999
78731,1,2,0.0,0.04999999999875,0.02999999999925,1000
78725,1,2,0.0,0.04999999999875,0.02999999999925,1001
75751,1,2,0.0,0.04999999999875,0.02999999999925,1002
78850,1,2,0.0,0.04999999999875,0.02999999999925,1003
78956,1,2,0.0,0.04999999999875,0.02999999999925,1004
75601,1,2,0.0,0.04999999999875,0.02999999999925,1005
75442,1,2,0.0,0.04999999999875,0.02999999999925,1006
75472,1,2,0.0,0.04999999999875,0.02999999999925,1007
75431,1,2,0.0,0.04999999999875,0.02999999999925,1008
79103,1,2,0.0,0.04999999999875,0.02999999999925,1009
79110,1,2,0.0,0.04999999999875,0.02999999999925,1010
79225,1,2,0.0,0.04999999999875,0.02999999999925,1011
75248,1,2,0.0,0.04999999999875,0.02999999999925,1012
75173,1,2,0.0,0.04999999999875,0.02999999999925,1013
79410,1,2,0.0,0.04999999999875,0.02999999999925,1014
79504,1,2,0.0,0.04999999999875,0.02999999999925,1015
79501,1,2,0.0,0.04999999999875,0.02999999999925,1016
78593,1,1,0.0,0.024999999999375,0.014999999999625,1017
76561,1,1,0.0,0.024999999999375,0.014999999999625,1018
78676,1,1,0.0,0.024999999999375,0.014999999999625,1019
78384,1,1,0.0,0.024999999999375,0.014999999999625,1020
78375,1,1,0.0,0.024999999999375,0.014999999999625,1021
78623,1,1,0.0,0.024999999999375,0.014999999999625,1022
78212,1,1,0.0,0.024999999999375,0.014999999999625,1023
78209,1,1,0.0,0.024999999999375,0.014999999999625,1024
78583,1,1,0.0,0.024999999999375,0.014999999999625,1025
78202,1,1,0.0,0.024999999999375,0.014999999999625,1026
78201,1,1,0.0,0.024999999999375,0.014999999999625,1027
78161,1,1,0.0,0.024999999999375,0.014999999999625,1028
76538,1,1,0.0,0.024999999999375,0.014999999999625,1029
78230,1,1,0.0,0.024999999999375,0.014999999999625,1030
78226,1,1,0.0,0.024999999999375,0.014999999999625,1031
76866,1,1,0.0,0.024999999999375,0.014999999999625,1032
78222,1,1,0.0,0.024999999999375,0.014999999999625,1033
78220,1,1,0.0,0.024999999999375,0.014999999999625,1034
77951,1,1,0.0,0.024999999999375,0.014999999999625,1035
76802,1,1,0.0,0.024999999999375,0.014999999999625,1036
78249,1,1,0.0,0.024999999999375,0.014999999999625,1037
76645,1,1,0.0,0.024999999999375,0.014999999999625,1038
78616,1,1,0.0,0.024999999999375,0.014999999999625,1039
78879,1,1,0.0,0.024999999999375,0.014999999999625,1040
78870,1,1,0.0,0.024999999999375,0.014999999999625,1041
78596,1,1,0.0,0.024999999999375,0.014999999999625,1042
78256,1,1,0.0,0.024999999999375,0.014999999999625,1043
75693,1,1,0.0,0.024999999999375,0.014999999999625,1044
78935,1,1,0.0,0.024999999999375,0.014999999999625,1045
78963,1,1,0.0,0.024999999999375,0.014999999999625,1046
76464,1,1,0.0,0.024999999999375,0.014999999999625,1047
78258,1,1,0.0,0.024999999999375,0.014999999999625,1048
76264,1,1,0.0,0.024999999999375,0.014999999999625,1049
78259,1,1,0.0,0.024999999999375,0.014999999999625,1050
75493,1,1,0.0,0.024999999999375,0.014999999999625,1051
79043,1,1,0.0,0.024999999999375,0.014999999999625,1052
78705,1,1,0.0,0.024999999999375,0.014999999999625,1053
75491,1,1,0.0,0.024999999999375,0.014999999999625,1054
77611,1,1,0.0,0.024999999999375,0.014999999999625,1055
77514,1,1,0.0,0.024999999999375,0.014999999999625,1056
78704,1,1,0.0,0.024999999999375,0.014999999999625,1057
78261,1,1,0.0,0.024999999999375,0.014999999999625,1058
79101,1,1,0.0,0.024999999999375,0.014999999999625,1059
78665,1,1,0.0,0.024999999999375,0.014999999999625,1060
75453,1,1,0.0,0.024999999999375,0.014999999999625,1061
75452,1,1,0.0,0.024999999999375,0.014999999999625,1062
78703,1,1,0.0,0.024999999999375,0.014999999999625,1063
75426,1,1,0.0,0.024999999999375,0.014999999999625,1064
78266,1,1,0.0,0.024999999999375,0.014999999999625,1065
78011,1,1,0.0,0.024999999999375,0.014999999999625,1066
78232,1,1,0.0,0.024999999999375,0.014999999999625,1067
79104,1,1,0.0,0.024999999999375,0.014999999999625,1068
78076,1,1,0.0,0.024999999999375,0.014999999999625,1069
79121,1,1,0.0,0.024999999999375,0.014999999999625,1070
78233,1,1,0.0,0.024999999999375,0.014999999999625,1071
78662,1,1,0.0,0.024999999999375,0.014999999999625,1072
78237,1,1,0.0,0.024999999999375,0.014999999999625,1073
76086,1,1,0.0,0.024999999999375,0.014999999999625,1074
78238,1,1,0.0,0.024999999999375,0.014999999999625,1075
79326,1,1,0.0,0.024999999999375,0.014999999999625,1076
79849,1,1,0.0,0.024999999999375,0.014999999999625,1077
76066,1,1,0.0,0.024999999999375,0.014999999999625,1078
79377,1,1,0.0,0.024999999999375,0.014999999999625,1079
75218,1,1,0.0,0.024999999999375,0.014999999999625,1080
78239,1,1,0.0,0.024999999999375,0.014999999999625,1081
77702,1,1,0.0,0.024999999999375,0.014999999999625,1082
75166,1,1,0.0,0.024999999999375,0.014999999999625,1083
78242,1,1,0.0,0.024999999999375,0.014999999999625,1084
77659,1,1,0.0,0.024999999999375,0.014999999999625,1085
79409,1,1,0.0,0.024999999999375,0.014999999999625,1086
79510,1,1,0.0,0.024999999999375,0.014999999999625,1087
78659,1,1,0.0,0.024999999999375,0.014999999999625,1088
78664,1,1,0.0,0.024999999999375,0.014999999999625,1089
78722,1,1,0.0,0.024999999999375,0.014999999999625,1090
75094,1,1,0.0,0.024999999999375,0.014999999999625,1091
78721,1,1,0.0,0.024999999999375,0.014999999999625,1092
78117,1,1,0.0,0.024999999999375,0.014999999999625,1093
78737,1,1,0.0,0.024999999999375,0.014999999999625,1094
78733,1,1,0.0,0.024999999999375,0.014999999999625,1095
77482,1,1,0.0,0.024999999999375,0.014999999999625,1096
78634,1,1,0.0,0.024999999999375,0.014999999999625,1097
75076,1,1,0.0,0.024999999999375,0.014999999999625,1098
78557,1,1,0.0,0.024999999999375,0.014999999999625,1099
77707,1,1,0.0,0.024999999999375,0.014999999999625,1100
79547,1,1,0.0,0.024999999999375,0.014999999999625,1101
79543,1,1,0.0,0.024999999999375,0.014999999999625,1102
77982,1,1,0.0,0.024999999999375,0.014999999999625,1103
78228,1,1,0.0,0.024999999999375,0.014999999999625,1104
79567,1,1,0.0,0.024999999999375,0.014999999999625,1105
75089,1,1,0.0,0.024999999999375,0.014999999999625,1106
76245,1,1,0.0,0.024999999999375,0.014999999999625,1107
75087,1,1,0.0,0.024999999999375,0.014999999999625,1108
76708,1,1,0.0,0.024999999999375,0.014999999999625,1109
78756,1,1,0.0,0.024999999999375,0.014999999999625,1110
79734,1,1,0.0,0.024999999999375,0.014999999999625,1111
77983,1,1,0.0,0.024999999999375,0.014999999999625,1112
78563,1,1,0.0,0.024999999999375,0.014999999999625,1113
79853,1,1,0.0,0.024999999999375,0.014999999999625,1114
79845,1,1,0.0,0.024999999999375,0.014999999999625,1115
77494,1,1,0.0,0.024999999999375,0.014999999999625,1116
79842,1,1,0.0,0.024999999999375,0.014999999999625,1117
78569,1,1,0.0,0.024999999999375,0.014999999999625,1118
76831,1,1,0.0,0.024999999999375,0.014999999999625,1119
79836,1,1,0.0,0.024999999999375,0.014999999999625,1120
76711,1,1,0.0,0.024999999999375,0.014999999999625,1121
78751,1,1,0.0,0.024999999999375,0.014999999999625,1122
78214,1,1,0.0,0.024999999999375,0.014999999999625,1123
78215,1,1,0.0,0.024999999999375,0.014999999999625,1124
79907,1,1,0.0,0.024999999999375,0.014999999999625,1125
79906,1,1,0.0,0.024999999999375,0.014999999999625,1126
76844,1,1,0.0,0.024999999999375,0.014999999999625,1127
76443,1,1,0.0,0.024999999999375,0.014999999999625,1128
79903,1,1,0.0,0.024999999999375,0.014999999999625,1129
76848,1,1,0.0,0.024999999999375,0.014999999999625,1130
78745,1,1,0.0,0.024999999999375,0.014999999999625,1131
75022,1,1,0.0,0.024999999999375,0.014999999999625,1132
79930,1,1,0.0,0.024999999999375,0.014999999999625,1133
76857,1,1,0.0,0.024999999999375,0.014999999999625,1134
77441,1,1,0.0,0.024999999999375,0.014999999999625,1135
78218,1,1,0.0,0.024999999999375,0.014999999999625,1136
78830,1,1,0.0,0.024999999999375,0.014999999999625,1137
78055,1,1,0.0,0.024999999999375,0.014999999999625,1138
79935,1,1,0.0,0.024999999999375,0.014999999999625,1139
78619,1,1,0.0,0.024999999999375,0.014999999999625,1140
79932,1,1,0.0,0.024999999999375,0.014999999999625,1141
75853,1,1,0.0,0.024999999999375,0.014999999999625,1142
77233,1,0,0.0,0.0,0.0,1143
77231,1,0,0.0,0.0,0.0,1144
77230,1,0,0.0,0.0,0.0,1145
77229,1,0,0.0,0.0,0.0,1146
77228,1,0,0.0,0.0,0.0,1147
77227,1,0,0.0,0.0,0.0,1148
77226,1,0,0.0,0.0,0.0,1149
77225,1,0,0.0,0.0,0.0,1150
77224,1,0,0.0,0.0,0.0,1151
77223,1,0,0.0,0.0,0.0,1152
77222,1,0,0.0,0.0,0.0,1153
77806,1,0,0.0,0.0,0.0,1154
77805,1,0,0.0,0.0,0.0,1155
77726,1,0,0.0,0.0,0.0,1156
77210,1,0,0.0,0.0,0.0,1157
77208,1,0,0.0,0.0,0.0,1158
77207,1,0,0.0,0.0,0.0,1159
77206,1,0,0.0,0.0,0.0,1160
77205,1,0,0.0,0.0,0.0,1161
77204,1,0,0.0,0.0,0.0,1162
77203,1,0,0.0,0.0,0.0,1163
77202,1,0,0.0,0.0,0.0,1164
77855,1,0,0.0,0.0,0.0,1165
77844,1,0,0.0,0.0,0.0,1166
77842,1,0,0.0,0.0,0.0,1167
77841,1,0,0.0,0.0,0.0,1168
77834,1,0,0.0,0.0,0.0,1169
77240,1,0,0.0,0.0,0.0,1170
77238,1,0,0.0,0.0,0.0,1171
77237,1,0,0.0,0.0,0.0,1172
77001,1,0,0.0,0.0,0.0,1173
76957,1,0,0.0,0.0,0.0,1174
76955,1,0,0.0,0.0,0.0,1175
76940,1,0,0.0,0.0,0.0,1176
76937,1,0,0.0,0.0,0.0,1177
77870,1,0,0.0,0.0,0.0,1178
77862,1,0,0.0,0.0,0.0,1179
77221,1,0,0.0,0.0,0.0,1180
77220,1,0,0.0,0.0,0.0,1181
77219,1,0,0.0,0.0,0.0,1182
77218,1,0,0.0,0.0,0.0,1183
77216,1,0,0.0,0.0,0.0,1184
77215,1,0,0.0,0.0,0.0,1185
77213,1,0,0.0,0.0,0.0,1186
77212,1,0,0.0,0.0,0.0,1187
76885,1,0,0.0,0.0,0.0,1188
76883,1,0,0.0,0.0,0.0,1189
76880,1,0,0.0,0.0,0.0,1190
76874,1,0,0.0,0.0,0.0,1191
76869,1,0,0.0,0.0,0.0,1192
76864,1,0,0.0,0.0,0.0,1193
77967,1,0,0.0,0.0,0.0,1194
77960,1,0,0.0,0.0,0.0,1195
77882,1,0,0.0,0.0,0.0,1196
77881,1,0,0.0,0.0,0.0,1197
77201,1,0,0.0,0.0,0.0,1198
77052,1,0,0.0,0.0,0.0,1199
76842,1,0,0.0,0.0,0.0,1200
76834,1,0,0.0,0.0,0.0,1201
77987,1,0,0.0,0.0,0.0,1202
77986,1,0,0.0,0.0,0.0,1203
77978,1,0,0.0,0.0,0.0,1204
77977,1,0,0.0,0.0,0.0,1205
77976,1,0,0.0,0.0,0.0,1206
77974,1,0,0.0,0.0,0.0,1207
77973,1,0,0.0,0.0,0.0,1208
77970,1,0,0.0,0.0,0.0,1209
76799,1,0,0.0,0.0,0.0,1210
76798,1,0,0.0,0.0,0.0,1211
76797,1,0,0.0,0.0,0.0,1212
76716,1,0,0.0,0.0,0.0,1213
76715,1,0,0.0,0.0,0.0,1214
76714,1,0,0.0,0.0,0.0,1215
78012,1,0,0.0,0.0,0.0,1216
78005,1,0,0.0,0.0,0.0,1217
78002,1,0,0.0,0.0,0.0,1218
78001,1,0,0.0,0.0,0.0,1219
77991,1,0,0.0,0.0,0.0,1220
76862,1,0,0.0,0.0,0.0,1221
76703,1,0,0.0,0.0,0.0,1222
76702,1,0,0.0,0.0,0.0,1223
76701,1,0,0.0,0.0,0.0,1224
76685,1,0,0.0,0.0,0.0,1225
78029,1,0,0.0,0.0,0.0,1226
78019,1,0,0.0,0.0,0.0,1227
76828,1,0,0.0,0.0,0.0,1228
76824,1,0,0.0,0.0,0.0,1229
76823,1,0,0.0,0.0,0.0,1230
76820,1,0,0.0,0.0,0.0,1231
76804,1,0,0.0,0.0,0.0,1232
76803,1,0,0.0,0.0,0.0,1233
76664,1,0,0.0,0.0,0.0,1234
76654,1,0,0.0,0.0,0.0,1235
78062,1,0,0.0,0.0,0.0,1236
78060,1,0,0.0,0.0,0.0,1237
78054,1,0,0.0,0.0,0.0,1238
78050,1,0,0.0,0.0,0.0,1239
78044,1,0,0.0,0.0,0.0,1240
76707,1,0,0.0,0.0,0.0,1241
76637,1,0,0.0,0.0,0.0,1242
76636,1,0,0.0,0.0,0.0,1243
76632,1,0,0.0,0.0,0.0,1244
76630,1,0,0.0,0.0,0.0,1245
78109,1,0,0.0,0.0,0.0,1246
78107,1,0,0.0,0.0,0.0,1247
78075,1,0,0.0,0.0,0.0,1248
78074,1,0,0.0,0.0,0.0,1249
76684,1,0,0.0,0.0,0.0,1250
76673,1,0,0.0,0.0,0.0,1251
76598,1,0,0.0,0.0,0.0,1252
76597,1,0,0.0,0.0,0.0,1253
76596,1,0,0.0,0.0,0.0,1254
76573,1,0,0.0,0.0,0.0,1255
78131,1,0,0.0,0.0,0.0,1256
78125,1,0,0.0,0.0,0.0,1257
78123,1,0,0.0,0.0,0.0,1258
78122,1,0,0.0,0.0,0.0,1259
78115,1,0,0.0,0.0,0.0,1260
76650,1,0,0.0,0.0,0.0,1261
76644,1,0,0.0,0.0,0.0,1262
76643,1,0,0.0,0.0,0.0,1263
76639,1,0,0.0,0.0,0.0,1264
76558,1,0,0.0,0.0,0.0,1265
78156,1,0,0.0,0.0,0.0,1266
78150,1,0,0.0,0.0,0.0,1267
78147,1,0,0.0,0.0,0.0,1268
78144,1,0,0.0,0.0,0.0,1269
78143,1,0,0.0,0.0,0.0,1270
78135,1,0,0.0,0.0,0.0,1271
76628,1,0,0.0,0.0,0.0,1272
76626,1,0,0.0,0.0,0.0,1273
76624,1,0,0.0,0.0,0.0,1274
76623,1,0,0.0,0.0,0.0,1275
76622,1,0,0.0,0.0,0.0,1276
76599,1,0,0.0,0.0,0.0,1277
78208,1,0,0.0,0.0,0.0,1278
78206,1,0,0.0,0.0,0.0,1279
78205,1,0,0.0,0.0,0.0,1280
78203,1,0,0.0,0.0,0.0,1281
76526,1,0,0.0,0.0,0.0,1282
78225,1,0,0.0,0.0,0.0,1283
78246,1,0,0.0,0.0,0.0,1284
78244,1,0,0.0,0.0,0.0,1285
78243,1,0,0.0,0.0,0.0,1286
78241,1,0,0.0,0.0,0.0,1287
78235,1,0,0.0,0.0,0.0,1288
78231,1,0,0.0,0.0,0.0,1289
78265,1,0,0.0,0.0,0.0,1290
78255,1,0,0.0,0.0,0.0,1291
78254,1,0,0.0,0.0,0.0,1292
78252,1,0,0.0,0.0,0.0,1293
78250,1,0,0.0,0.0,0.0,1294
78248,1,0,0.0,0.0,0.0,1295
78295,1,0,0.0,0.0,0.0,1296
78294,1,0,0.0,0.0,0.0,1297
78293,1,0,0.0,0.0,0.0,1298
78292,1,0,0.0,0.0,0.0,1299
78291,1,0,0.0,0.0,0.0,1300
78289,1,0,0.0,0.0,0.0,1301
78288,1,0,0.0,0.0,0.0,1302
78285,1,0,0.0,0.0,0.0,1303
78284,1,0,0.0,0.0,0.0,1304
78283,1,0,0.0,0.0,0.0,1305
78280,1,0,0.0,0.0,0.0,1306
78279,1,0,0.0,0.0,0.0,1307
78278,1,0,0.0,0.0,0.0,1308
78270,1,0,0.0,0.0,0.0,1309
78269,1,0,0.0,0.0,0.0,1310
78268,1,0,0.0,0.0,0.0,1311
76472,1,0,0.0,0.0,0.0,1312
76471,1,0,0.0,0.0,0.0,1313
76468,1,0,0.0,0.0,0.0,1314
76467,1,0,0.0,0.0,0.0,1315
76466,1,0,0.0,0.0,0.0,1316
76462,1,0,0.0,0.0,0.0,1317
76461,1,0,0.0,0.0,0.0,1318
78349,1,0,0.0,0.0,0.0,1319
78299,1,0,0.0,0.0,0.0,1320
78298,1,0,0.0,0.0,0.0,1321
78297,1,0,0.0,0.0,0.0,1322
78296,1,0,0.0,0.0,0.0,1323
78389,1,0,0.0,0.0,0.0,1324
78371,1,0,0.0,0.0,0.0,1325
78361,1,0,0.0,0.0,0.0,1326
76485,1,0,0.0,0.0,0.0,1327
76474,1,0,0.0,0.0,0.0,1328
78567,1,0,0.0,0.0,0.0,1329
78564,1,0,0.0,0.0,0.0,1330
78545,1,0,0.0,0.0,0.0,1331
78538,1,0,0.0,0.0,0.0,1332
78523,1,0,0.0,0.0,0.0,1333
78522,1,0,0.0,0.0,0.0,1334
78393,1,0,0.0,0.0,0.0,1335
76452,1,0,0.0,0.0,0.0,1336
76439,1,0,0.0,0.0,0.0,1337
76436,1,0,0.0,0.0,0.0,1338
76435,1,0,0.0,0.0,0.0,1339
76433,1,0,0.0,0.0,0.0,1340
78575,1,0,0.0,0.0,0.0,1341
76268,1,0,0.0,0.0,0.0,1342
76267,1,0,0.0,0.0,0.0,1343
78598,1,0,0.0,0.0,0.0,1344
78594,1,0,0.0,0.0,0.0,1345
78591,1,0,0.0,0.0,0.0,1346
78585,1,0,0.0,0.0,0.0,1347
76206,1,0,0.0,0.0,0.0,1348
78618,1,0,0.0,0.0,0.0,1349
78615,1,0,0.0,0.0,0.0,1350
78614,1,0,0.0,0.0,0.0,1351
76241,1,0,0.0,0.0,0.0,1352
76369,1,0,0.0,0.0,0.0,1353
76352,1,0,0.0,0.0,0.0,1354
76307,1,0,0.0,0.0,0.0,1355
76191,1,0,0.0,0.0,0.0,1356
76185,1,0,0.0,0.0,0.0,1357
76181,1,0,0.0,0.0,0.0,1358
76166,1,0,0.0,0.0,0.0,1359
76163,1,0,0.0,0.0,0.0,1360
76162,1,0,0.0,0.0,0.0,1361
76161,1,0,0.0,0.0,0.0,1362
76150,1,0,0.0,0.0,0.0,1363
78635,1,0,0.0,0.0,0.0,1364
78627,1,0,0.0,0.0,0.0,1365
78622,1,0,0.0,0.0,0.0,1366
76122,1,0,0.0,0.0,0.0,1367
76121,1,0,0.0,0.0,0.0,1368
76113,1,0,0.0,0.0,0.0,1369
76101,1,0,0.0,0.0,0.0,1370
76099,1,0,0.0,0.0,0.0,1371
76098,1,0,0.0,0.0,0.0,1372
76097,1,0,0.0,0.0,0.0,1373
76096,1,0,0.0,0.0,0.0,1374
76095,1,0,0.0,0.0,0.0,1375
76094,1,0,0.0,0.0,0.0,1376
78651,1,0,0.0,0.0,0.0,1377
76199,1,0,0.0,0.0,0.0,1378
76198,1,0,0.0,0.0,0.0,1379
76195,1,0,0.0,0.0,0.0,1380
76193,1,0,0.0,0.0,0.0,1381
76192,1,0,0.0,0.0,0.0,1382
78680,1,0,0.0,0.0,0.0,1383
78677,1,0,0.0,0.0,0.0,1384
78674,1,0,0.0,0.0,0.0,1385
78673,1,0,0.0,0.0,0.0,1386
78670,1,0,0.0,0.0,0.0,1387
78667,1,0,0.0,0.0,0.0,1388
78658,1,0,0.0,0.0,0.0,1389
76147,1,0,0.0,0.0,0.0,1390
76136,1,0,0.0,0.0,0.0,1391
76130,1,0,0.0,0.0,0.0,1392
76124,1,0,0.0,0.0,0.0,1393
78715,1,0,0.0,0.0,0.0,1394
78714,1,0,0.0,0.0,0.0,1395
78713,1,0,0.0,0.0,0.0,1396
78712,1,0,0.0,0.0,0.0,1397
78711,1,0,0.0,0.0,0.0,1398
78710,1,0,0.0,0.0,0.0,1399
78709,1,0,0.0,0.0,0.0,1400
78708,1,0,0.0,0.0,0.0,1401
73344,1,0,0.0,0.0,0.0,1402
75010,1,0,0.0,0.0,0.0,1403
75011,1,0,0.0,0.0,0.0,1404
75014,1,0,0.0,0.0,0.0,1405
75015,1,0,0.0,0.0,0.0,1406
78691,1,0,0.0,0.0,0.0,1407
78683,1,0,0.0,0.0,0.0,1408
78682,1,0,0.0,0.0,0.0,1409
75016,1,0,0.0,0.0,0.0,1410
76077,1,0,0.0,0.0,0.0,1411
76073,1,0,0.0,0.0,0.0,1412
76071,1,0,0.0,0.0,0.0,1413
76068,1,0,0.0,0.0,0.0,1414
75017,1,0,0.0,0.0,0.0,1415
76061,1,0,0.0,0.0,0.0,1416
88575,1,0,0.0,0.0,0.0,1417
88576,1,0,0.0,0.0,0.0,1418
88577,1,0,0.0,0.0,0.0,1419
88578,1,0,0.0,0.0,0.0,1420
88541,1,0,0.0,0.0,0.0,1421
88595,1,0,0.0,0.0,0.0,1422
78720,1,0,0.0,0.0,0.0,1423
78718,1,0,0.0,0.0,0.0,1424
78716,1,0,0.0,0.0,0.0,1425
75937,1,0,0.0,0.0,0.0,1426
88557,1,0,0.0,0.0,0.0,1427
88556,1,0,0.0,0.0,0.0,1428
88555,1,0,0.0,0.0,0.0,1429
88554,1,0,0.0,0.0,0.0,1430
88553,1,0,0.0,0.0,0.0,1431
75978,1,0,0.0,0.0,0.0,1432
75963,1,0,0.0,0.0,0.0,1433
75958,1,0,0.0,0.0,0.0,1434
76035,1,0,0.0,0.0,0.0,1435
88550,1,0,0.0,0.0,0.0,1436
76019,1,0,0.0,0.0,0.0,1437
76007,1,0,0.0,0.0,0.0,1438
76004,1,0,0.0,0.0,0.0,1439
76003,1,0,0.0,0.0,0.0,1440
75990,1,0,0.0,0.0,0.0,1441
78763,1,0,0.0,0.0,0.0,1442
78762,1,0,0.0,0.0,0.0,1443
78761,1,0,0.0,0.0,0.0,1444
78760,1,0,0.0,0.0,0.0,1445
88549,1,0,0.0,0.0,0.0,1446
88548,1,0,0.0,0.0,0.0,1447
78755,1,0,0.0,0.0,0.0,1448
88547,1,0,0.0,0.0,0.0,1449
88546,1,0,0.0,0.0,0.0,1450
78752,1,0,0.0,0.0,0.0,1451
88545,1,0,0.0,0.0,0.0,1452
88544,1,0,0.0,0.0,0.0,1453
88543,1,0,0.0,0.0,0.0,1454
78742,1,0,0.0,0.0,0.0,1455
75944,1,0,0.0,0.0,0.0,1456
75942,1,0,0.0,0.0,0.0,1457
75902,1,0,0.0,0.0,0.0,1458
75886,1,0,0.0,0.0,0.0,1459
75884,1,0,0.0,0.0,0.0,1460
75882,1,0,0.0,0.0,0.0,1461
75880,1,0,0.0,0.0,0.0,1462
78779,1,0,0.0,0.0,0.0,1463
78778,1,0,0.0,0.0,0.0,1464
78774,1,0,0.0,0.0,0.0,1465
78773,1,0,0.0,0.0,0.0,1466
78772,1,0,0.0,0.0,0.0,1467
78769,1,0,0.0,0.0,0.0,1468
78768,1,0,0.0,0.0,0.0,1469
78767,1,0,0.0,0.0,0.0,1470
78766,1,0,0.0,0.0,0.0,1471
78765,1,0,0.0,0.0,0.0,1472
78764,1,0,0.0,0.0,0.0,1473
75832,1,0,0.0,0.0,0.0,1474
75799,1,0,0.0,0.0,0.0,1475
75798,1,0,0.0,0.0,0.0,1476
75797,1,0,0.0,0.0,0.0,1477
75792,1,0,0.0,0.0,0.0,1478
88542,1,0,0.0,0.0,0.0,1479
88559,1,0,0.0,0.0,0.0,1480
78799,1,0,0.0,0.0,0.0,1481
78783,1,0,0.0,0.0,0.0,1482
75865,1,0,0.0,0.0,0.0,1483
77299,1,0,0.0,0.0,0.0,1484
75859,1,0,0.0,0.0,0.0,1485
77297,1,0,0.0,0.0,0.0,1486
75849,1,0,0.0,0.0,0.0,1487
75915,1,0,0.0,0.0,0.0,1488
75903,1,0,0.0,0.0,0.0,1489
75772,1,0,0.0,0.0,0.0,1490
77293,1,0,0.0,0.0,0.0,1491
75764,1,0,0.0,0.0,0.0,1492
75759,1,0,0.0,0.0,0.0,1493
77292,1,0,0.0,0.0,0.0,1494
77291,1,0,0.0,0.0,0.0,1495
77290,1,0,0.0,0.0,0.0,1496
77288,1,0,0.0,0.0,0.0,1497
78873,1,0,0.0,0.0,0.0,1498
77413,1,0,0.0,0.0,0.0,1499
78860,1,0,0.0,0.0,0.0,1500
77412,1,0,0.0,0.0,0.0,1501
78847,1,0,0.0,0.0,0.0,1502
78842,1,0,0.0,0.0,0.0,1503
78841,1,0,0.0,0.0,0.0,1504
75834,1,0,0.0,0.0,0.0,1505
77411,1,0,0.0,0.0,0.0,1506
75705,1,0,0.0,0.0,0.0,1507
75694,1,0,0.0,0.0,0.0,1508
77410,1,0,0.0,0.0,0.0,1509
75689,1,0,0.0,0.0,0.0,1510
75688,1,0,0.0,0.0,0.0,1511
75687,1,0,0.0,0.0,0.0,1512
75685,1,0,0.0,0.0,0.0,1513
78943,1,0,0.0,0.0,0.0,1514
78938,1,0,0.0,0.0,0.0,1515
77402,1,0,0.0,0.0,0.0,1516
78886,1,0,0.0,0.0,0.0,1517
78885,1,0,0.0,0.0,0.0,1518
78883,1,0,0.0,0.0,0.0,1519
75788,1,0,0.0,0.0,0.0,1520
75780,1,0,0.0,0.0,0.0,1521
75671,1,0,0.0,0.0,0.0,1522
75666,1,0,0.0,0.0,0.0,1523
75663,1,0,0.0,0.0,0.0,1524
75660,1,0,0.0,0.0,0.0,1525
77399,1,0,0.0,0.0,0.0,1526
78961,1,0,0.0,0.0,0.0,1527
78960,1,0,0.0,0.0,0.0,1528
77391,1,0,0.0,0.0,0.0,1529
78952,1,0,0.0,0.0,0.0,1530
78951,1,0,0.0,0.0,0.0,1531
78948,1,0,0.0,0.0,0.0,1532
75713,1,0,0.0,0.0,0.0,1533
75712,1,0,0.0,0.0,0.0,1534
75711,1,0,0.0,0.0,0.0,1535
75710,1,0,0.0,0.0,0.0,1536
77383,1,0,0.0,0.0,0.0,1537
75615,1,0,0.0,0.0,0.0,1538
75608,1,0,0.0,0.0,0.0,1539
75607,1,0,0.0,0.0,0.0,1540
75606,1,0,0.0,0.0,0.0,1541
77337,1,0,0.0,0.0,0.0,1542
79016,1,0,0.0,0.0,0.0,1543
79012,1,0,0.0,0.0,0.0,1544
79008,1,0,0.0,0.0,0.0,1545
79003,1,0,0.0,0.0,0.0,1546
79002,1,0,0.0,0.0,0.0,1547
75659,1,0,0.0,0.0,0.0,1548
75658,1,0,0.0,0.0,0.0,1549
75653,1,0,0.0,0.0,0.0,1550
75642,1,0,0.0,0.0,0.0,1551
75682,1,0,0.0,0.0,0.0,1552
75680,1,0,0.0,0.0,0.0,1553
75507,1,0,0.0,0.0,0.0,1554
75505,1,0,0.0,0.0,0.0,1555
75504,1,0,0.0,0.0,0.0,1556
77466,1,0,0.0,0.0,0.0,1557
77464,1,0,0.0,0.0,0.0,1558
77458,1,0,0.0,0.0,0.0,1559
79033,1,0,0.0,0.0,0.0,1560
79025,1,0,0.0,0.0,0.0,1561
79021,1,0,0.0,0.0,0.0,1562
75599,1,0,0.0,0.0,0.0,1563
75573,1,0,0.0,0.0,0.0,1564
75569,1,0,0.0,0.0,0.0,1565
75565,1,0,0.0,0.0,0.0,1566
75564,1,0,0.0,0.0,0.0,1567
75637,1,0,0.0,0.0,0.0,1568
75636,1,0,0.0,0.0,0.0,1569
75444,1,0,0.0,0.0,0.0,1570
77457,1,0,0.0,0.0,0.0,1571
75441,1,0,0.0,0.0,0.0,1572
79054,1,0,0.0,0.0,0.0,1573
79053,1,0,0.0,0.0,0.0,1574
79051,1,0,0.0,0.0,0.0,1575
77453,1,0,0.0,0.0,0.0,1576
77452,1,0,0.0,0.0,0.0,1577
75489,1,0,0.0,0.0,0.0,1578
75485,1,0,0.0,0.0,0.0,1579
75483,1,0,0.0,0.0,0.0,1580
77451,1,0,0.0,0.0,0.0,1581
75475,1,0,0.0,0.0,0.0,1582
75473,1,0,0.0,0.0,0.0,1583
77446,1,0,0.0,0.0,0.0,1584
77432,1,0,0.0,0.0,0.0,1585
79102,1,0,0.0,0.0,0.0,1586
77428,1,0,0.0,0.0,0.0,1587
77423,1,0,0.0,0.0,0.0,1588
79091,1,0,0.0,0.0,0.0,1589
79078,1,0,0.0,0.0,0.0,1590
79077,1,0,0.0,0.0,0.0,1591
79073,1,0,0.0,0.0,0.0,1592
79066,1,0,0.0,0.0,0.0,1593
75468,1,0,0.0,0.0,0.0,1594
75461,1,0,0.0,0.0,0.0,1595
75459,1,0,0.0,0.0,0.0,1596
75456,1,0,0.0,0.0,0.0,1597
75454,1,0,0.0,0.0,0.0,1598
77415,1,0,0.0,0.0,0.0,1599
77315,1,0,0.0,0.0,0.0,1600
75450,1,0,0.0,0.0,0.0,1601
75439,1,0,0.0,0.0,0.0,1602
75436,1,0,0.0,0.0,0.0,1603
75434,1,0,0.0,0.0,0.0,1604
77497,1,0,0.0,0.0,0.0,1605
75429,1,0,0.0,0.0,0.0,1606
77496,1,0,0.0,0.0,0.0,1607
75424,1,0,0.0,0.0,0.0,1608
75423,1,0,0.0,0.0,0.0,1609
75420,1,0,0.0,0.0,0.0,1610
75416,1,0,0.0,0.0,0.0,1611
77492,1,0,0.0,0.0,0.0,1612
77491,1,0,0.0,0.0,0.0,1613
77487,1,0,0.0,0.0,0.0,1614
79105,1,0,0.0,0.0,0.0,1615
77483,1,0,0.0,0.0,0.0,1616
77481,1,0,0.0,0.0,0.0,1617
79185,1,0,0.0,0.0,0.0,1618
79178,1,0,0.0,0.0,0.0,1619
79174,1,0,0.0,0.0,0.0,1620
79172,1,0,0.0,0.0,0.0,1621
79168,1,0,0.0,0.0,0.0,1622
79166,1,0,0.0,0.0,0.0,1623
79159,1,0,0.0,0.0,0.0,1624
77476,1,0,0.0,0.0,0.0,1625
79120,1,0,0.0,0.0,0.0,1626
77475,1,0,0.0,0.0,0.0,1627
79117,1,0,0.0,0.0,0.0,1628
79116,1,0,0.0,0.0,0.0,1629
79114,1,0,0.0,0.0,0.0,1630
79111,1,0,0.0,0.0,0.0,1631
77473,1,0,0.0,0.0,0.0,1632
77470,1,0,0.0,0.0,0.0,1633
75398,1,0,0.0,0.0,0.0,1634
75397,1,0,0.0,0.0,0.0,1635
75395,1,0,0.0,0.0,0.0,1636
75394,1,0,0.0,0.0,0.0,1637
75393,1,0,0.0,0.0,0.0,1638
75392,1,0,0.0,0.0,0.0,1639
75391,1,0,0.0,0.0,0.0,1640
75390,1,0,0.0,0.0,0.0,1641
79234,1,0,0.0,0.0,0.0,1642
79231,1,0,0.0,0.0,0.0,1643
79229,1,0,0.0,0.0,0.0,1644
77468,1,0,0.0,0.0,0.0,1645
79223,1,0,0.0,0.0,0.0,1646
79221,1,0,0.0,0.0,0.0,1647
79220,1,0,0.0,0.0,0.0,1648
79189,1,0,0.0,0.0,0.0,1649
75376,1,0,0.0,0.0,0.0,1650
75374,1,0,0.0,0.0,0.0,1651
75373,1,0,0.0,0.0,0.0,1652
75372,1,0,0.0,0.0,0.0,1653
75371,1,0,0.0,0.0,0.0,1654
75370,1,0,0.0,0.0,0.0,1655
75368,1,0,0.0,0.0,0.0,1656
75367,1,0,0.0,0.0,0.0,1657
75360,1,0,0.0,0.0,0.0,1658
75359,1,0,0.0,0.0,0.0,1659
79255,1,0,0.0,0.0,0.0,1660
79236,1,0,0.0,0.0,0.0,1661
75412,1,0,0.0,0.0,0.0,1662
77467,1,0,0.0,0.0,0.0,1663
75404,1,0,0.0,0.0,0.0,1664
75403,1,0,0.0,0.0,0.0,1665
75336,1,0,0.0,0.0,0.0,1666
75326,1,0,0.0,0.0,0.0,1667
75320,1,0,0.0,0.0,0.0,1668
75315,1,0,0.0,0.0,0.0,1669
75313,1,0,0.0,0.0,0.0,1670
75312,1,0,0.0,0.0,0.0,1671
75303,1,0,0.0,0.0,0.0,1672
75301,1,0,0.0,0.0,0.0,1673
77280,1,0,0.0,0.0,0.0,1674
77279,1,0,0.0,0.0,0.0,1675
75389,1,0,0.0,0.0,0.0,1676
75382,1,0,0.0,0.0,0.0,1677
75381,1,0,0.0,0.0,0.0,1678
75380,1,0,0.0,0.0,0.0,1679
75379,1,0,0.0,0.0,0.0,1680
75378,1,0,0.0,0.0,0.0,1681
75262,1,0,0.0,0.0,0.0,1682
75260,1,0,0.0,0.0,0.0,1683
75252,1,0,0.0,0.0,0.0,1684
75250,1,0,0.0,0.0,0.0,1685
77277,1,0,0.0,0.0,0.0,1686
79353,1,0,0.0,0.0,0.0,1687
79350,1,0,0.0,0.0,0.0,1688
79344,1,0,0.0,0.0,0.0,1689
79338,1,0,0.0,0.0,0.0,1690
75358,1,0,0.0,0.0,0.0,1691
75357,1,0,0.0,0.0,0.0,1692
75356,1,0,0.0,0.0,0.0,1693
75355,1,0,0.0,0.0,0.0,1694
75354,1,0,0.0,0.0,0.0,1695
75342,1,0,0.0,0.0,0.0,1696
75339,1,0,0.0,0.0,0.0,1697
79383,1,0,0.0,0.0,0.0,1698
79380,1,0,0.0,0.0,0.0,1699
79378,1,0,0.0,0.0,0.0,1700
77274,1,0,0.0,0.0,0.0,1701
79372,1,0,0.0,0.0,0.0,1702
79369,1,0,0.0,0.0,0.0,1703
79367,1,0,0.0,0.0,0.0,1704
75285,1,0,0.0,0.0,0.0,1705
75284,1,0,0.0,0.0,0.0,1706
75283,1,0,0.0,0.0,0.0,1707
75277,1,0,0.0,0.0,0.0,1708
75267,1,0,0.0,0.0,0.0,1709
75266,1,0,0.0,0.0,0.0,1710
75265,1,0,0.0,0.0,0.0,1711
75264,1,0,0.0,0.0,0.0,1712
75263,1,0,0.0,0.0,0.0,1713
75221,1,0,0.0,0.0,0.0,1714
77273,1,0,0.0,0.0,0.0,1715
77272,1,0,0.0,0.0,0.0,1716
75187,1,0,0.0,0.0,0.0,1717
75185,1,0,0.0,0.0,0.0,1718
77271,1,0,0.0,0.0,0.0,1719
75168,1,0,0.0,0.0,0.0,1720
77270,1,0,0.0,0.0,0.0,1721
75164,1,0,0.0,0.0,0.0,1722
75151,1,0,0.0,0.0,0.0,1723
77269,1,0,0.0,0.0,0.0,1724
77268,1,0,0.0,0.0,0.0,1725
77267,1,0,0.0,0.0,0.0,1726
79408,1,0,0.0,0.0,0.0,1727
79406,1,0,0.0,0.0,0.0,1728
79402,1,0,0.0,0.0,0.0,1729
79516,1,0,0.0,0.0,0.0,1730
77266,1,0,0.0,0.0,0.0,1731
77265,1,0,0.0,0.0,0.0,1732
79503,1,0,0.0,0.0,0.0,1733
77263,1,0,0.0,0.0,0.0,1734
79499,1,0,0.0,0.0,0.0,1735
79493,1,0,0.0,0.0,0.0,1736
79491,1,0,0.0,0.0,0.0,1737
79490,1,0,0.0,0.0,0.0,1738
79464,1,0,0.0,0.0,0.0,1739
79457,1,0,0.0,0.0,0.0,1740
79453,1,0,0.0,0.0,0.0,1741
79452,1,0,0.0,0.0,0.0,1742
79430,1,0,0.0,0.0,0.0,1743
75238,1,0,0.0,0.0,0.0,1744
75222,1,0,0.0,0.0,0.0,1745
75138,1,0,0.0,0.0,0.0,1746
75123,1,0,0.0,0.0,0.0,1747
75121,1,0,0.0,0.0,0.0,1748
75120,1,0,0.0,0.0,0.0,1749
75118,1,0,0.0,0.0,0.0,1750
77588,1,0,0.0,0.0,0.0,1751
75106,1,0,0.0,0.0,0.0,1752
75097,1,0,0.0,0.0,0.0,1753
77582,1,0,0.0,0.0,0.0,1754
75091,1,0,0.0,0.0,0.0,1755
77580,1,0,0.0,0.0,0.0,1756
77561,1,0,0.0,0.0,0.0,1757
79533,1,0,0.0,0.0,0.0,1758
79525,1,0,0.0,0.0,0.0,1759
77560,1,0,0.0,0.0,0.0,1760
77553,1,0,0.0,0.0,0.0,1761
75086,1,0,0.0,0.0,0.0,1762
75085,1,0,0.0,0.0,0.0,1763
75083,1,0,0.0,0.0,0.0,1764
77552,1,0,0.0,0.0,0.0,1765
77542,1,0,0.0,0.0,0.0,1766
77533,1,0,0.0,0.0,0.0,1767
77519,1,0,0.0,0.0,0.0,1768
79560,1,0,0.0,0.0,0.0,1769
77284,1,0,0.0,0.0,0.0,1770
79550,1,0,0.0,0.0,0.0,1771
79548,1,0,0.0,0.0,0.0,1772
77282,1,0,0.0,0.0,0.0,1773
79544,1,0,0.0,0.0,0.0,1774
77643,1,0,0.0,0.0,0.0,1775
79538,1,0,0.0,0.0,0.0,1776
77641,1,0,0.0,0.0,0.0,1777
75047,1,0,0.0,0.0,0.0,1778
75046,1,0,0.0,0.0,0.0,1779
75045,1,0,0.0,0.0,0.0,1780
79721,1,0,0.0,0.0,0.0,1781
77639,1,0,0.0,0.0,0.0,1782
79713,1,0,0.0,0.0,0.0,1783
79712,1,0,0.0,0.0,0.0,1784
79711,1,0,0.0,0.0,0.0,1785
79710,1,0,0.0,0.0,0.0,1786
79708,1,0,0.0,0.0,0.0,1787
77631,1,0,0.0,0.0,0.0,1788
79566,1,0,0.0,0.0,0.0,1789
75090,1,0,0.0,0.0,0.0,1790
77629,1,0,0.0,0.0,0.0,1791
77626,1,0,0.0,0.0,0.0,1792
77624,1,0,0.0,0.0,0.0,1793
77623,1,0,0.0,0.0,0.0,1794
79778,1,0,0.0,0.0,0.0,1795
79776,1,0,0.0,0.0,0.0,1796
79770,1,0,0.0,0.0,0.0,1797
79769,1,0,0.0,0.0,0.0,1798
79768,1,0,0.0,0.0,0.0,1799
79760,1,0,0.0,0.0,0.0,1800
77622,1,0,0.0,0.0,0.0,1801
77617,1,0,0.0,0.0,0.0,1802
79733,1,0,0.0,0.0,0.0,1803
75068,1,0,0.0,0.0,0.0,1804
75065,1,0,0.0,0.0,0.0,1805
75058,1,0,0.0,0.0,0.0,1806
77616,1,0,0.0,0.0,0.0,1807
75053,1,0,0.0,0.0,0.0,1808
75049,1,0,0.0,0.0,0.0,1809
77615,1,0,0.0,0.0,0.0,1810
79854,1,0,0.0,0.0,0.0,1811
77614,1,0,0.0,0.0,0.0,1812
79852,1,0,0.0,0.0,0.0,1813
79258,1,0,0.0,0.0,0.0,1814
79846,1,0,0.0,0.0,0.0,1815
77613,1,0,0.0,0.0,0.0,1816
77257,1,0,0.0,0.0,0.0,1817
77256,1,0,0.0,0.0,0.0,1818
77255,1,0,0.0,0.0,0.0,1819
77254,1,0,0.0,0.0,0.0,1820
77253,1,0,0.0,0.0,0.0,1821
77252,1,0,0.0,0.0,0.0,1822
79834,1,0,0.0,0.0,0.0,1823
79831,1,0,0.0,0.0,0.0,1824
77251,1,0,0.0,0.0,0.0,1825
79920,1,0,0.0,0.0,0.0,1826
79918,1,0,0.0,0.0,0.0,1827
79917,1,0,0.0,0.0,0.0,1828
77249,1,0,0.0,0.0,0.0,1829
79914,1,0,0.0,0.0,0.0,1830
79913,1,0,0.0,0.0,0.0,1831
77248,1,0,0.0,0.0,0.0,1832
79911,1,0,0.0,0.0,0.0,1833
79910,1,0,0.0,0.0,0.0,1834
79908,1,0,0.0,0.0,0.0,1835
77245,1,0,0.0,0.0,0.0,1836
77244,1,0,0.0,0.0,0.0,1837
77243,1,0,0.0,0.0,0.0,1838
77242,1,0,0.0,0.0,0.0,1839
77241,1,0,0.0,0.0,0.0,1840
77655,1,0,0.0,0.0,0.0,1841
75030,1,0,0.0,0.0,0.0,1842
75029,1,0,0.0,0.0,0.0,1843
77725,1,0,0.0,0.0,0.0,1844
75027,1,0,0.0,0.0,0.0,1845
75026,1,0,0.0,0.0,0.0,1846
77720,1,0,0.0,0.0,0.0,1847
75021,1,0,0.0,0.0,0.0,1848
77710,1,0,0.0,0.0,0.0,1849
79929,1,0,0.0,0.0,0.0,1850
77709,1,0,0.0,0.0,0.0,1851
77704,1,0,0.0,0.0,0.0,1852
79926,1,0,0.0,0.0,0.0,1853
77670,1,0,0.0,0.0,0.0,1854
77663,1,0,0.0,0.0,0.0,1855
79923,1,0,0.0,0.0,0.0,1856
77661,1,0,0.0,0.0,0.0,1857
79949,1,0,0.0,0.0,0.0,1858
79948,1,0,0.0,0.0,0.0,1859
79947,1,0,0.0,0.0,0.0,1860
79946,1,0,0.0,0.0,0.0,1861
79945,1,0,0.0,0.0,0.0,1862
79944,1,0,0.0,0.0,0.0,1863
79943,1,0,0.0,0.0,0.0,1864
79942,1,0,0.0,0.0,0.0,1865
79941,1,0,0.0,0.0,0.0,1866
79940,1,0,0.0,0.0,0.0,1867
79937,1,0,0.0,0.0,0.0,1868
77262,1,0,0.0,0.0,0.0,1869
77261,1,0,0.0,0.0,0.0,1870
77236,1,0,0.0,0.0,0.0,1871
79931,1,0,0.0,0.0,0.0,1872
77235,1,0,0.0,0.0,0.0,1873
79996,1,0,0.0,0.0,0.0,1874
79995,1,0,0.0,0.0,0.0,1875
79990,1,0,0.0,0.0,0.0,1876
79980,1,0,0.0,0.0,0.0,1877
79978,1,0,0.0,0.0,0.0,1878
79976,1,0,0.0,0.0,0.0,1879
79968,1,0,0.0,0.0,0.0,1880
79961,1,0,0.0,0.0,0.0,1881
79960,1,0,0.0,0.0,0.0,1882
79958,1,0,0.0,0.0,0.0,1883
79955,1,0,0.0,0.0,0.0,1884
79954,1,0,0.0,0.0,0.0,1885
79953,1,0,0.0,0.0,0.0,1886
79952,1,0,0.0,0.0,0.0,1887
79951,1,0,0.0,0.0,0.0,1888
79950,1,0,0.0,0.0,0.0,1889
88523,1,0,0.0,0.0,0.0,1890
88521,1,0,0.0,0.0,0.0,1891
88520,1,0,0.0,0.0,0.0,1892
88519,1,0,0.0,0.0,0.0,1893
88518,1,0,0.0,0.0,0.0,1894
88517,1,0,0.0,0.0,0.0,1895
88516,1,0,0.0,0.0,0.0,1896
88515,1,0,0.0,0.0,0.0,1897
88514,1,0,0.0,0.0,0.0,1898
88513,1,0,0.0,0.0,0.0,1899
88512,1,0,0.0,0.0,0.0,1900
88511,1,0,0.0,0.0,0.0,1901
88510,1,0,0.0,0.0,0.0,1902
79999,1,0,0.0,0.0,0.0,1903
79998,1,0,0.0,0.0,0.0,1904
79997,1,0,0.0,0.0,0.0,1905
88540,1,0,0.0,0.0,0.0,1906
88539,1,0,0.0,0.0,0.0,1907
88538,1,0,0.0,0.0,0.0,1908
88536,1,0,0.0,0.0,0.0,1909
88535,1,0,0.0,0.0,0.0,1910
88534,1,0,0.0,0.0,0.0,1911
88533,1,0,0.0,0.0,0.0,1912
88532,1,0,0.0,0.0,0.0,1913
88531,1,0,0.0,0.0,0.0,1914
88530,1,0,0.0,0.0,0.0,1915
88529,1,0,0.0,0.0,0.0,1916
88528,1,0,0.0,0.0,0.0,1917
88527,1,0,0.0,0.0,0.0,1918
88526,1,0,0.0,0.0,0.0,1919
88525,1,0,0.0,0.0,0.0,1920
88524,1,0,0.0,0.0,0.0,1921
77332,1,0,0.0,0.0,0.0,1922
88574,1,0,0.0,0.0,0.0,1923
88573,1,0,0.0,0.0,0.0,1924
88572,1,0,0.0,0.0,0.0,1925
88571,1,0,0.0,0.0,0.0,1926
88570,1,0,0.0,0.0,0.0,1927
88569,1,0,0.0,0.0,0.0,1928
88568,1,0,0.0,0.0,0.0,1929
88567,1,0,0.0,0.0,0.0,1930
88566,1,0,0.0,0.0,0.0,1931
88565,1,0,0.0,0.0,0.0,1932
88563,1,0,0.0,0.0,0.0,1933
88562,1,0,0.0,0.0,0.0,1934
88561,1,0,0.0,0.0,0.0,1935
88560,1,0,0.0,0.0,0.0,1936
88579,1,0,0.0,0.0,0.0,1937
88558,1,0,0.0,0.0,0.0,1938
77326,1,0,0.0,0.0,0.0,1939
77350,1,0,0.0,0.0,0.0,1940
77347,1,0,0.0,0.0,0.0,1941
88590,1,0,0.0,0.0,0.0,1942
88589,1,0,0.0,0.0,0.0,1943
88588,1,0,0.0,0.0,0.0,1944
88587,1,0,0.0,0.0,0.0,1945
88586,1,0,0.0,0.0,0.0,1946
88585,1,0,0.0,0.0,0.0,1947
88584,1,0,0.0,0.0,0.0,1948
88583,1,0,0.0,0.0,0.0,1949
88582,1,0,0.0,0.0,0.0,1950
88581,1,0,0.0,0.0,0.0,1951
88580,1,0,0.0,0.0,0.0,1952
73301,1,0,0.0,0.0,0.0,1953
